id,title,pmc_id,link,domain,organism,platform,mission_risk,recommended_countermeasure,consensus_status,consensus_note
1,Mice in Bion-M 1 space mission: training and selection,PMC4136787,https://www.ncbi.nlm.nih.gov/pmc/articles/PMC4136787/,General Space Biology & Life Support,Mus musculus (Rodents),ISS (International Space Station),MODERATE (Long-Duration Crew Health Factor),Artificial Gravity via Centrifugation (0.38g - 1.0g Intermittent),Emerging Evidence,Consistent preliminary data; broader longitudinal validation required for Moon-Mars transit regimes.
2,"Microgravity induces pelvic bone loss through osteoclastic activity, osteocytic osteolysis, and osteoblastic cell cycle inhibition by CDKN1a/p21",PMC3630201,https://www.ncbi.nlm.nih.gov/pmc/articles/PMC3630201/,Musculoskeletal & Bone Loss,In Vitro / Cell Culture / Organoid,Spaceflight / Space Environment,CRITICAL (High Priority for Mars Transit & Lunar Surface),Nutritional Vitamin D/Calcium + Axial Loading Compression Suit,High Consensus,"Reproduced across independent missions (ISS, Shuttle, Bion-M1). Clear pathological mechanism documented."
3,Stem Cell Health and Tissue Regeneration in Microgravity,PMC11988870,https://www.ncbi.nlm.nih.gov/pmc/articles/PMC11988870/,General Space Biology & Life Support,Mus musculus (Rodents),ISS (International Space Station),MODERATE (Long-Duration Crew Health Factor),Artificial Gravity via Centrifugation (0.38g - 1.0g Intermittent),Emerging Evidence,Consistent preliminary data; broader longitudinal validation required for Moon-Mars transit regimes.
4,Microgravity Reduces the Differentiation and Regenerative Potential of Embryonic Stem Cells,PMC7998608,https://www.ncbi.nlm.nih.gov/pmc/articles/PMC7998608/,Reproductive & Developmental Biology,Mus musculus (Rodents),Spaceflight / Space Environment,MODERATE (Long-Duration Crew Health Factor),Artificial Gravity via Centrifugation (0.38g - 1.0g Intermittent),High Consensus,"Reproduced across independent missions (ISS, Shuttle, Bion-M1). Clear pathological mechanism documented."
5,Microgravity validation of a novel system for RNA isolation and multiplex quantitative real time PCR analysis of gene expression on the International Space Station,PMC5587110,https://www.ncbi.nlm.nih.gov/pmc/articles/PMC5587110/,General Space Biology & Life Support,Cross-Species / General Model,ISS (International Space Station),MODERATE (Long-Duration Crew Health Factor),Artificial Gravity via Centrifugation (0.38g - 1.0g Intermittent),Controversial / Active Debate,Conflicting findings reported between flight durations or between in vitro vs in vivo models. Requires targeted flight trials.
6,Spaceflight Modulates the Expression of Key Oxidative Stress and Cell Cycle Related Genes in Heart,PMC8396460,https://www.ncbi.nlm.nih.gov/pmc/articles/PMC8396460/,Cardiovascular & Fluid Shifts,In Vitro / Cell Culture / Organoid,Spaceflight / Space Environment,HIGH (Requires Active Countermeasures & Monitoring),Artificial Gravity via Centrifugation (0.38g - 1.0g Intermittent),Emerging Evidence,Consistent preliminary data; broader longitudinal validation required for Moon-Mars transit regimes.
7,Dose- and Ion-Dependent Effects in the Oxidative Stress Response to Space-Like Radiation Exposure in the Skeletal System,PMC5666799,https://www.ncbi.nlm.nih.gov/pmc/articles/PMC5666799/,Musculoskeletal & Bone Loss,Cross-Species / General Model,Spaceflight / Space Environment,CRITICAL (High Priority for Mars Transit & Lunar Surface),Hydrocarbon Polymer/Water Shielding + Radioprotective Bio-agents,Emerging Evidence,Consistent preliminary data; broader longitudinal validation required for Moon-Mars transit regimes.
8,From the bench to exploration medicine: NASA life sciences translational research for human exploration and habitation missions.,PMC5460236,https://www.ncbi.nlm.nih.gov/pmc/articles/PMC5460236/,General Space Biology & Life Support,Mus musculus (Rodents),ISS (International Space Station),MODERATE (Long-Duration Crew Health Factor),Artificial Gravity via Centrifugation (0.38g - 1.0g Intermittent),Emerging Evidence,Consistent preliminary data; broader longitudinal validation required for Moon-Mars transit regimes.
9,High-precision method for cyclic loading of small-animal vertebrae to assess bone quality.,PMC6222041,https://www.ncbi.nlm.nih.gov/pmc/articles/PMC6222041/,Musculoskeletal & Bone Loss,Cross-Species / General Model,Spaceflight / Space Environment,CRITICAL (High Priority for Mars Transit & Lunar Surface),Nutritional Vitamin D/Calcium + Axial Loading Compression Suit,Emerging Evidence,Consistent preliminary data; broader longitudinal validation required for Moon-Mars transit regimes.
10,Effects of ex vivo ionizing radiation on collagen structure and whole-bone mechanical properties of mouse vertebrae.,PMC6813909,https://www.ncbi.nlm.nih.gov/pmc/articles/PMC6813909/,Musculoskeletal & Bone Loss,Mus musculus (Rodents),Spaceflight / Space Environment,CRITICAL (High Priority for Mars Transit & Lunar Surface),Nutritional Vitamin D/Calcium + Axial Loading Compression Suit,Emerging Evidence,Consistent preliminary data; broader longitudinal validation required for Moon-Mars transit regimes.
11,Absence of gamma-sarcoglycan alters the response of p70S6 kinase to mechanical perturbation in murine skeletal muscle,PMC4095884,https://www.ncbi.nlm.nih.gov/pmc/articles/PMC4095884/,Musculoskeletal & Bone Loss,Mus musculus (Rodents),Spaceflight / Space Environment,CRITICAL (High Priority for Mars Transit & Lunar Surface),Nutritional Vitamin D/Calcium + Axial Loading Compression Suit,Emerging Evidence,Consistent preliminary data; broader longitudinal validation required for Moon-Mars transit regimes.
12,AtRabD2b and AtRabD2c have overlapping functions in pollen development and pollen tube growth.,PMC3040128,https://www.ncbi.nlm.nih.gov/pmc/articles/PMC3040128/,Reproductive & Developmental Biology,Cross-Species / General Model,Spaceflight / Space Environment,MODERATE (Long-Duration Crew Health Factor),Artificial Gravity via Centrifugation (0.38g - 1.0g Intermittent),Emerging Evidence,Consistent preliminary data; broader longitudinal validation required for Moon-Mars transit regimes.
13,TNO1 is involved in salt tolerance and vacuolar trafficking in Arabidopsis.,PMC3177255,https://www.ncbi.nlm.nih.gov/pmc/articles/PMC3177255/,Plant Biology & Space Agriculture,Arabidopsis thaliana (Plants),Spaceflight / Space Environment,MISSION ESSENTIAL (Bioregenerative Food & O2 Systems),Artificial Gravity via Centrifugation (0.38g - 1.0g Intermittent),Emerging Evidence,Consistent preliminary data; broader longitudinal validation required for Moon-Mars transit regimes.
14,Functional redundancy between trans-Golgi network SNARE family members in Arabidopsis thaliana.,PMC11500582,https://www.ncbi.nlm.nih.gov/pmc/articles/PMC11500582/,Plant Biology & Space Agriculture,Arabidopsis thaliana (Plants),Spaceflight / Space Environment,MISSION ESSENTIAL (Bioregenerative Food & O2 Systems),Artificial Gravity via Centrifugation (0.38g - 1.0g Intermittent),Emerging Evidence,Consistent preliminary data; broader longitudinal validation required for Moon-Mars transit regimes.
15,Root growth movements: Waving and skewing.,PMC5387210,https://www.ncbi.nlm.nih.gov/pmc/articles/PMC5387210/,Plant Biology & Space Agriculture,Arabidopsis thaliana (Plants),Spaceflight / Space Environment,MISSION ESSENTIAL (Bioregenerative Food & O2 Systems),Artificial Gravity via Centrifugation (0.38g - 1.0g Intermittent),Emerging Evidence,Consistent preliminary data; broader longitudinal validation required for Moon-Mars transit regimes.
16,Gravitropism and lateral root emergence are dependent on the trans-Golgi network protein TNO1,PMC4642138,https://www.ncbi.nlm.nih.gov/pmc/articles/PMC4642138/,Plant Biology & Space Agriculture,Arabidopsis thaliana (Plants),Spaceflight / Space Environment,MISSION ESSENTIAL (Bioregenerative Food & O2 Systems),Artificial Gravity via Centrifugation (0.38g - 1.0g Intermittent),Emerging Evidence,Consistent preliminary data; broader longitudinal validation required for Moon-Mars transit regimes.
17,"TNO1, a TGN-localized SNARE-interacting protein, modulates root skewing in Arabidopsis thaliana.",PMC5387210,https://www.ncbi.nlm.nih.gov/pmc/articles/PMC5387210/,Plant Biology & Space Agriculture,Arabidopsis thaliana (Plants),Spaceflight / Space Environment,MISSION ESSENTIAL (Bioregenerative Food & O2 Systems),Artificial Gravity via Centrifugation (0.38g - 1.0g Intermittent),Emerging Evidence,Consistent preliminary data; broader longitudinal validation required for Moon-Mars transit regimes.
18,The Drosophila SUN protein Spag4 cooperates with the coiled-coil protein Yuri Gagarin to maintain association of the basal body and spermatid nucleus.,PMC2915878,https://www.ncbi.nlm.nih.gov/pmc/articles/PMC2915878/,Radiation & Deep Space Hazards,Mus musculus (Rodents),Spaceflight / Space Environment,CRITICAL (High Priority for Mars Transit & Lunar Surface),Artificial Gravity via Centrifugation (0.38g - 1.0g Intermittent),Emerging Evidence,Consistent preliminary data; broader longitudinal validation required for Moon-Mars transit regimes.
19,Toll mediated infection response is altered by gravity and spaceflight in Drosophila,PMC3901686,https://www.ncbi.nlm.nih.gov/pmc/articles/PMC3901686/,"Omics, Mitochondria & Cellular Stress",Drosophila melanogaster (Fruit Fly),Spaceflight / Space Environment,MODERATE (Long-Duration Crew Health Factor),Artificial Gravity via Centrifugation (0.38g - 1.0g Intermittent),Emerging Evidence,Consistent preliminary data; broader longitudinal validation required for Moon-Mars transit regimes.
20,Multi-omics analysis of multiple missions to space reveal a theme of lipid dysregulation in mouse liver,PMC6985101,https://www.ncbi.nlm.nih.gov/pmc/articles/PMC6985101/,"Omics, Mitochondria & Cellular Stress",Mus musculus (Rodents),ISS (International Space Station),MODERATE (Long-Duration Crew Health Factor),Artificial Gravity via Centrifugation (0.38g - 1.0g Intermittent),Emerging Evidence,Consistent preliminary data; broader longitudinal validation required for Moon-Mars transit regimes.
21,GeneLab database analyses suggest long-term impact of space radiation on the cardiovascular system by the activation of FYN through reactive oxygen species.,PMC6387434,https://www.ncbi.nlm.nih.gov/pmc/articles/PMC6387434/,Radiation & Deep Space Hazards,Cross-Species / General Model,Spaceflight / Space Environment,CRITICAL (High Priority for Mars Transit & Lunar Surface),Hydrocarbon Polymer/Water Shielding + Radioprotective Bio-agents,Emerging Evidence,Consistent preliminary data; broader longitudinal validation required for Moon-Mars transit regimes.
22,FAIRness and usability for open-access omics data systems.,PMC6371294,https://www.ncbi.nlm.nih.gov/pmc/articles/PMC6371294/,General Space Biology & Life Support,Cross-Species / General Model,Spaceflight / Space Environment,MODERATE (Long-Duration Crew Health Factor),Artificial Gravity via Centrifugation (0.38g - 1.0g Intermittent),Emerging Evidence,Consistent preliminary data; broader longitudinal validation required for Moon-Mars transit regimes.
23,NASA GeneLab platform utilized for biological response to space radiation in animal models,PMC7072278,https://www.ncbi.nlm.nih.gov/pmc/articles/PMC7072278/,Radiation & Deep Space Hazards,Cross-Species / General Model,Spaceflight / Space Environment,CRITICAL (High Priority for Mars Transit & Lunar Surface),Hydrocarbon Polymer/Water Shielding + Radioprotective Bio-agents,Emerging Evidence,Consistent preliminary data; broader longitudinal validation required for Moon-Mars transit regimes.
24,Circulating miRNA spaceflight signature reveals targets for countermeasure development,PMC8441986,https://www.ncbi.nlm.nih.gov/pmc/articles/PMC8441986/,Reproductive & Developmental Biology,Cross-Species / General Model,Spaceflight / Space Environment,MODERATE (Long-Duration Crew Health Factor),Artificial Gravity via Centrifugation (0.38g - 1.0g Intermittent),Emerging Evidence,Consistent preliminary data; broader longitudinal validation required for Moon-Mars transit regimes.
25,Machine learning algorithm to characterize antimicrobial resistance associated with the International Space Station surface microbiome,PMC9400218,https://www.ncbi.nlm.nih.gov/pmc/articles/PMC9400218/,Microbiology & Biofilms,Cross-Species / General Model,ISS (International Space Station),MODERATE (Long-Duration Crew Health Factor),"Probiotics, Microbial Air Filtration, Antimicrobial Copper Surfaces",Emerging Evidence,Consistent preliminary data; broader longitudinal validation required for Moon-Mars transit regimes.
26,Extraterrestrial Gynecology: Could Spaceflight Increase the Risk of Developing Cancer in Female Astronauts? An Updated Review,PMC9267413,https://www.ncbi.nlm.nih.gov/pmc/articles/PMC9267413/,General Space Biology & Life Support,Mus musculus (Rodents),Spaceflight / Space Environment,MODERATE (Long-Duration Crew Health Factor),Artificial Gravity via Centrifugation (0.38g - 1.0g Intermittent),Emerging Evidence,Consistent preliminary data; broader longitudinal validation required for Moon-Mars transit regimes.
27,Muscle atrophy phenotype gene expression during spaceflight is linked to a metabolic crosstalk in both the liver and the muscle in mice.,PMC9576569,https://www.ncbi.nlm.nih.gov/pmc/articles/PMC9576569/,Musculoskeletal & Bone Loss,Mus musculus (Rodents),Spaceflight / Space Environment,CRITICAL (High Priority for Mars Transit & Lunar Surface),Nutritional Vitamin D/Calcium + Axial Loading Compression Suit,High Consensus,"Reproduced across independent missions (ISS, Shuttle, Bion-M1). Clear pathological mechanism documented."
28,Chromosomal positioning and epigenetic architecture influence DNA methylation patterns triggered by galactic cosmic radiation,PMC10789781,https://www.ncbi.nlm.nih.gov/pmc/articles/PMC10789781/,Radiation & Deep Space Hazards,Cross-Species / General Model,Spaceflight / Space Environment,CRITICAL (High Priority for Mars Transit & Lunar Surface),Hydrocarbon Polymer/Water Shielding + Radioprotective Bio-agents,Emerging Evidence,Consistent preliminary data; broader longitudinal validation required for Moon-Mars transit regimes.
29,"A comprehensive SARS-CoV-2 and COVID-19 review, Part 2: Host extracellular to systemic effects of SARS-CoV-2 infection",PMC10772081,https://www.ncbi.nlm.nih.gov/pmc/articles/PMC10772081/,General Space Biology & Life Support,In Vitro / Cell Culture / Organoid,Spaceflight / Space Environment,MODERATE (Long-Duration Crew Health Factor),Artificial Gravity via Centrifugation (0.38g - 1.0g Intermittent),Emerging Evidence,Consistent preliminary data; broader longitudinal validation required for Moon-Mars transit regimes.
30,Aging and putative frailty biomarkers are altered by spaceflight,PMC11166946,https://www.ncbi.nlm.nih.gov/pmc/articles/PMC11166946/,General Space Biology & Life Support,Cross-Species / General Model,Spaceflight / Space Environment,MODERATE (Long-Duration Crew Health Factor),Artificial Gravity via Centrifugation (0.38g - 1.0g Intermittent),Emerging Evidence,Consistent preliminary data; broader longitudinal validation required for Moon-Mars transit regimes.
31,Space radiation damage rescued by inhibition of key spaceflight associated miRNAs,PMC11166944,https://www.ncbi.nlm.nih.gov/pmc/articles/PMC11166944/,Radiation & Deep Space Hazards,Cross-Species / General Model,Spaceflight / Space Environment,CRITICAL (High Priority for Mars Transit & Lunar Surface),Hydrocarbon Polymer/Water Shielding + Radioprotective Bio-agents,High Consensus,"Reproduced across independent missions (ISS, Shuttle, Bion-M1). Clear pathological mechanism documented."
32,Ethical considerations for the age of non-governmental space exploration,PMC11166968,https://www.ncbi.nlm.nih.gov/pmc/articles/PMC11166968/,General Space Biology & Life Support,Mus musculus (Rodents),Spaceflight / Space Environment,MODERATE (Long-Duration Crew Health Factor),Artificial Gravity via Centrifugation (0.38g - 1.0g Intermittent),Emerging Evidence,Consistent preliminary data; broader longitudinal validation required for Moon-Mars transit regimes.
33,Innate immune responses of Drosophila melanogaster are altered by spaceflight.,PMC7000411,https://www.ncbi.nlm.nih.gov/pmc/articles/PMC7000411/,Immunology & Infection,Drosophila melanogaster (Fruit Fly),Spaceflight / Space Environment,HIGH (Requires Active Countermeasures & Monitoring),"Probiotics, Microbial Air Filtration, Antimicrobial Copper Surfaces",Emerging Evidence,Consistent preliminary data; broader longitudinal validation required for Moon-Mars transit regimes.
34,Prolonged Exposure to Microgravity Reduces Cardiac Contractility and Initiates Remodeling in Drosophila,PMC7787258,https://www.ncbi.nlm.nih.gov/pmc/articles/PMC7787258/,Cardiovascular & Fluid Shifts,Drosophila melanogaster (Fruit Fly),Spaceflight / Space Environment,HIGH (Requires Active Countermeasures & Monitoring),Artificial Gravity via Centrifugation (0.38g - 1.0g Intermittent),High Consensus,"Reproduced across independent missions (ISS, Shuttle, Bion-M1). Clear pathological mechanism documented."
35,Regulation of plant gravity sensing and signaling by the actin cytoskeleton.,PMC8716943,https://www.ncbi.nlm.nih.gov/pmc/articles/PMC8716943/,Plant Biology & Space Agriculture,Arabidopsis thaliana (Plants),Spaceflight / Space Environment,MISSION ESSENTIAL (Bioregenerative Food & O2 Systems),Tailored LED Light Spectrum (Far-Red/Blue) + Active Aerated Root Substrates,Emerging Evidence,Consistent preliminary data; broader longitudinal validation required for Moon-Mars transit regimes.
36,HLB1 Is a Tetratricopeptide Repeat Domain-Containing Protein That Operates at the Intersection of the Exocytic and Endocytic Pathways at the TGN/EE in Arabidopsis,PMC4826010,https://www.ncbi.nlm.nih.gov/pmc/articles/PMC4826010/,Plant Biology & Space Agriculture,Mus musculus (Rodents),Spaceflight / Space Environment,MISSION ESSENTIAL (Bioregenerative Food & O2 Systems),Artificial Gravity via Centrifugation (0.38g - 1.0g Intermittent),Emerging Evidence,Consistent preliminary data; broader longitudinal validation required for Moon-Mars transit regimes.
37,ERULUS is a plasma membrane-localized receptor-like kinase that specifies root hair growth by maintaining tip-focused cytoplasmic calcium oscillations.,PMC6048781,https://www.ncbi.nlm.nih.gov/pmc/articles/PMC6048781/,Radiation & Deep Space Hazards,Arabidopsis thaliana (Plants),Spaceflight / Space Environment,CRITICAL (High Priority for Mars Transit & Lunar Surface),Artificial Gravity via Centrifugation (0.38g - 1.0g Intermittent),Emerging Evidence,Consistent preliminary data; broader longitudinal validation required for Moon-Mars transit regimes.
38,Brassinosteroids inhibit autotropic root straightening by modifying filamentous-actin organization and dynamics.,PMC7010715,https://www.ncbi.nlm.nih.gov/pmc/articles/PMC7010715/,Plant Biology & Space Agriculture,Arabidopsis thaliana (Plants),Spaceflight / Space Environment,MISSION ESSENTIAL (Bioregenerative Food & O2 Systems),Artificial Gravity via Centrifugation (0.38g - 1.0g Intermittent),Emerging Evidence,Consistent preliminary data; broader longitudinal validation required for Moon-Mars transit regimes.
39,Cell type-specific imaging of calcium signaling in Arabidopsis thaliana seedling roots using GCaMP3.,PMC7503278,https://www.ncbi.nlm.nih.gov/pmc/articles/PMC7503278/,Radiation & Deep Space Hazards,Arabidopsis thaliana (Plants),Spaceflight / Space Environment,CRITICAL (High Priority for Mars Transit & Lunar Surface),Artificial Gravity via Centrifugation (0.38g - 1.0g Intermittent),Emerging Evidence,Consistent preliminary data; broader longitudinal validation required for Moon-Mars transit regimes.
40,Spatial and temporal localization of SPIRRIG and WAVE/SCAR reveal roles for these proteins in actin-mediated root hair development.,PMC8364238,https://www.ncbi.nlm.nih.gov/pmc/articles/PMC8364238/,Plant Biology & Space Agriculture,Arabidopsis thaliana (Plants),Spaceflight / Space Environment,MISSION ESSENTIAL (Bioregenerative Food & O2 Systems),Artificial Gravity via Centrifugation (0.38g - 1.0g Intermittent),Emerging Evidence,Consistent preliminary data; broader longitudinal validation required for Moon-Mars transit regimes.
41,Microgravity Stress: Bone and Connective Tissue,PMC11579474,https://www.ncbi.nlm.nih.gov/pmc/articles/PMC11579474/,Musculoskeletal & Bone Loss,Cross-Species / General Model,ISS (International Space Station),CRITICAL (High Priority for Mars Transit & Lunar Surface),Nutritional Vitamin D/Calcium + Axial Loading Compression Suit,Emerging Evidence,Consistent preliminary data; broader longitudinal validation required for Moon-Mars transit regimes.
42,S. aureus MscL is a pentamer in vivo but of variable stoichiometries in vitro: implications for detergent-solubilized membrane proteins,PMC2998437,https://www.ncbi.nlm.nih.gov/pmc/articles/PMC2998437/,General Space Biology & Life Support,In Vitro / Cell Culture / Organoid,Spaceflight / Space Environment,MODERATE (Long-Duration Crew Health Factor),Artificial Gravity via Centrifugation (0.38g - 1.0g Intermittent),Emerging Evidence,Consistent preliminary data; broader longitudinal validation required for Moon-Mars transit regimes.
43,Manipulating the permeation of charged compounds through the MscL nanovalve.,PMC3005423,https://www.ncbi.nlm.nih.gov/pmc/articles/PMC3005423/,General Space Biology & Life Support,Cross-Species / General Model,Spaceflight / Space Environment,MODERATE (Long-Duration Crew Health Factor),Artificial Gravity via Centrifugation (0.38g - 1.0g Intermittent),Emerging Evidence,Consistent preliminary data; broader longitudinal validation required for Moon-Mars transit regimes.
44,The oligomeric state of the truncated mechanosensitive channel of large conductance shows no variance in vivo.,PMC3190158,https://www.ncbi.nlm.nih.gov/pmc/articles/PMC3190158/,General Space Biology & Life Support,Cross-Species / General Model,Spaceflight / Space Environment,MODERATE (Long-Duration Crew Health Factor),Artificial Gravity via Centrifugation (0.38g - 1.0g Intermittent),Emerging Evidence,Consistent preliminary data; broader longitudinal validation required for Moon-Mars transit regimes.
45,Three routes to modulate the pore size of the MscL channel/nanovalve,PMC3289768,https://www.ncbi.nlm.nih.gov/pmc/articles/PMC3289768/,General Space Biology & Life Support,Cross-Species / General Model,Spaceflight / Space Environment,MODERATE (Long-Duration Crew Health Factor),Artificial Gravity via Centrifugation (0.38g - 1.0g Intermittent),Emerging Evidence,Consistent preliminary data; broader longitudinal validation required for Moon-Mars transit regimes.
46,The dynamics of protein-protein interactions between domains of MscL at the cytoplasmic-lipid interface,PMC3508904,https://www.ncbi.nlm.nih.gov/pmc/articles/PMC3508904/,"Omics, Mitochondria & Cellular Stress",Cross-Species / General Model,Spaceflight / Space Environment,MODERATE (Long-Duration Crew Health Factor),Artificial Gravity via Centrifugation (0.38g - 1.0g Intermittent),Emerging Evidence,Consistent preliminary data; broader longitudinal validation required for Moon-Mars transit regimes.
47,The MscS and MscL families of mechanosensitive channels act as microbial emergency release valves,PMC3430326,https://www.ncbi.nlm.nih.gov/pmc/articles/PMC3430326/,Microbiology & Biofilms,Cross-Species / General Model,Spaceflight / Space Environment,MODERATE (Long-Duration Crew Health Factor),"Probiotics, Microbial Air Filtration, Antimicrobial Copper Surfaces",Emerging Evidence,Consistent preliminary data; broader longitudinal validation required for Moon-Mars transit regimes.
48,Chimeras reveal a single lipid-interface residue that controls MscL channel kinetics as well as mechanosensitivity,PMC3593973,https://www.ncbi.nlm.nih.gov/pmc/articles/PMC3593973/,"Omics, Mitochondria & Cellular Stress",Cross-Species / General Model,Spaceflight / Space Environment,MODERATE (Long-Duration Crew Health Factor),Artificial Gravity via Centrifugation (0.38g - 1.0g Intermittent),Emerging Evidence,Consistent preliminary data; broader longitudinal validation required for Moon-Mars transit regimes.
49,Evidence for extensive horizontal gene transfer from the draft genome of a tardigrade,PMC5018776,https://www.ncbi.nlm.nih.gov/pmc/articles/PMC5018776/,General Space Biology & Life Support,Cross-Species / General Model,Spaceflight / Space Environment,MODERATE (Long-Duration Crew Health Factor),Artificial Gravity via Centrifugation (0.38g - 1.0g Intermittent),Emerging Evidence,Consistent preliminary data; broader longitudinal validation required for Moon-Mars transit regimes.
50,Reply to Bemm et al. and Arakawa: Identifying foreign genes in independent Hypsibius dujardini genome assemblies,PMC4896697,https://www.ncbi.nlm.nih.gov/pmc/articles/PMC4896697/,General Space Biology & Life Support,Cross-Species / General Model,Spaceflight / Space Environment,MODERATE (Long-Duration Crew Health Factor),Artificial Gravity via Centrifugation (0.38g - 1.0g Intermittent),Emerging Evidence,Consistent preliminary data; broader longitudinal validation required for Moon-Mars transit regimes.
51,Tardigrades Use Intrinsically Disordered Proteins to Survive Desiccation.,PMC11127935,https://www.ncbi.nlm.nih.gov/pmc/articles/PMC11127935/,General Space Biology & Life Support,Cross-Species / General Model,Spaceflight / Space Environment,MODERATE (Long-Duration Crew Health Factor),Artificial Gravity via Centrifugation (0.38g - 1.0g Intermittent),Emerging Evidence,Consistent preliminary data; broader longitudinal validation required for Moon-Mars transit regimes.
52,Desiccation of Hypsibius exemplaris,PMC11831363,https://www.ncbi.nlm.nih.gov/pmc/articles/PMC11831363/,General Space Biology & Life Support,Cross-Species / General Model,Spaceflight / Space Environment,MODERATE (Long-Duration Crew Health Factor),Artificial Gravity via Centrifugation (0.38g - 1.0g Intermittent),Emerging Evidence,Consistent preliminary data; broader longitudinal validation required for Moon-Mars transit regimes.
53,The biology of tardigrade disordered proteins in extreme stress tolerance.,PMC11930778,https://www.ncbi.nlm.nih.gov/pmc/articles/PMC11930778/,General Space Biology & Life Support,Cross-Species / General Model,Spaceflight / Space Environment,MODERATE (Long-Duration Crew Health Factor),Artificial Gravity via Centrifugation (0.38g - 1.0g Intermittent),Emerging Evidence,Consistent preliminary data; broader longitudinal validation required for Moon-Mars transit regimes.
54,Production of reactive oxygen species and involvement of bioprotectants during anhydrobiosis in the tardigrade Paramacrobiotus spatialis,PMC8816950,https://www.ncbi.nlm.nih.gov/pmc/articles/PMC8816950/,Radiation & Deep Space Hazards,Cross-Species / General Model,Spaceflight / Space Environment,CRITICAL (High Priority for Mars Transit & Lunar Surface),Artificial Gravity via Centrifugation (0.38g - 1.0g Intermittent),Emerging Evidence,Consistent preliminary data; broader longitudinal validation required for Moon-Mars transit regimes.
55,Partial weight suspension: A novel murine model for investigating adaptation to reduced musculoskeletal loading.,PMC3774184,https://www.ncbi.nlm.nih.gov/pmc/articles/PMC3774184/,Musculoskeletal & Bone Loss,Mus musculus (Rodents),Spaceflight / Space Environment,CRITICAL (High Priority for Mars Transit & Lunar Surface),Artificial Gravity via Centrifugation (0.38g - 1.0g Intermittent),Controversial / Active Debate,Conflicting findings reported between flight durations or between in vitro vs in vivo models. Requires targeted flight trials.
56,"Partial reductions in mechanical loading yield proportional changes in bone density, bone architecture, and muscle mass",PMC4118556,https://www.ncbi.nlm.nih.gov/pmc/articles/PMC4118556/,Musculoskeletal & Bone Loss,Cross-Species / General Model,Spaceflight / Space Environment,CRITICAL (High Priority for Mars Transit & Lunar Surface),Nutritional Vitamin D/Calcium + Axial Loading Compression Suit,Emerging Evidence,Consistent preliminary data; broader longitudinal validation required for Moon-Mars transit regimes.
57,Spaceflight and hind limb unloading induce similar changes in electrical impedance characteristics of mouse gastrocnemius muscle,PMC4653813,https://www.ncbi.nlm.nih.gov/pmc/articles/PMC4653813/,Musculoskeletal & Bone Loss,Mus musculus (Rodents),Ground Analog (Clinostat / Hindlimb / Bedrest),CRITICAL (High Priority for Mars Transit & Lunar Surface),Nutritional Vitamin D/Calcium + Axial Loading Compression Suit,Emerging Evidence,Consistent preliminary data; broader longitudinal validation required for Moon-Mars transit regimes.
58,Spaceflight Activates Lipotoxic Pathways in Mouse Liver,PMC6915713,https://www.ncbi.nlm.nih.gov/pmc/articles/PMC6915713/,General Space Biology & Life Support,Mus musculus (Rodents),Spaceflight / Space Environment,MODERATE (Long-Duration Crew Health Factor),Artificial Gravity via Centrifugation (0.38g - 1.0g Intermittent),Emerging Evidence,Consistent preliminary data; broader longitudinal validation required for Moon-Mars transit regimes.
59,Treatment with a soluble bone morphogenetic protein type 1A receptor (BMPR1A) fusion protein increases bone mass and bone formation in mice subjected to hindlimb unloading.,PMC6124165,https://www.ncbi.nlm.nih.gov/pmc/articles/PMC6124165/,Musculoskeletal & Bone Loss,Mus musculus (Rodents),Ground Analog (Clinostat / Hindlimb / Bedrest),CRITICAL (High Priority for Mars Transit & Lunar Surface),Nutritional Vitamin D/Calcium + Axial Loading Compression Suit,Emerging Evidence,Consistent preliminary data; broader longitudinal validation required for Moon-Mars transit regimes.
60,RNAseq and RNA molecular barcoding reveal differential gene expression in cortical bone following hindlimb unloading in female mice,PMC8509868,https://www.ncbi.nlm.nih.gov/pmc/articles/PMC8509868/,Musculoskeletal & Bone Loss,Mus musculus (Rodents),Ground Analog (Clinostat / Hindlimb / Bedrest),CRITICAL (High Priority for Mars Transit & Lunar Surface),Nutritional Vitamin D/Calcium + Axial Loading Compression Suit,Controversial / Active Debate,Conflicting findings reported between flight durations or between in vitro vs in vivo models. Requires targeted flight trials.
61,Proteomic and phosphoproteomic characterization of cardiovascular tissues after long term exposure to simulated space radiation,PMC11063234,https://www.ncbi.nlm.nih.gov/pmc/articles/PMC11063234/,Radiation & Deep Space Hazards,Cross-Species / General Model,ISS (International Space Station),CRITICAL (High Priority for Mars Transit & Lunar Surface),Hydrocarbon Polymer/Water Shielding + Radioprotective Bio-agents,Emerging Evidence,Consistent preliminary data; broader longitudinal validation required for Moon-Mars transit regimes.
62,Adaptive Changes in the Vestibular System of Land Snail to a 30-Day Spaceflight and Readaptation on Return to Earth,PMC5672023,https://www.ncbi.nlm.nih.gov/pmc/articles/PMC5672023/,Neuroscience & Vision (SANS),Cross-Species / General Model,Spaceflight / Space Environment,HIGH (Requires Active Countermeasures & Monitoring),Artificial Gravity via Centrifugation (0.38g - 1.0g Intermittent),Emerging Evidence,Consistent preliminary data; broader longitudinal validation required for Moon-Mars transit regimes.
63,"Morphology of the Utricular Otolith Organ in the Toadfish, Opsanus tau",PMC5899691,https://www.ncbi.nlm.nih.gov/pmc/articles/PMC5899691/,General Space Biology & Life Support,Cross-Species / General Model,Spaceflight / Space Environment,MODERATE (Long-Duration Crew Health Factor),Artificial Gravity via Centrifugation (0.38g - 1.0g Intermittent),Emerging Evidence,Consistent preliminary data; broader longitudinal validation required for Moon-Mars transit regimes.
64,"Influence of Magnitude and Duration of Altered Gravity and Readaptation to 1g on the Structure and Function of the Utricle in Toadfish, Opsanus tau.",PMC6204554,https://www.ncbi.nlm.nih.gov/pmc/articles/PMC6204554/,General Space Biology & Life Support,Mus musculus (Rodents),Spaceflight / Space Environment,MODERATE (Long-Duration Crew Health Factor),Artificial Gravity via Centrifugation (0.38g - 1.0g Intermittent),Emerging Evidence,Consistent preliminary data; broader longitudinal validation required for Moon-Mars transit regimes.
65,Organization of the ER-Golgi interface for membrane traffic control.,PMC4064004,https://www.ncbi.nlm.nih.gov/pmc/articles/PMC4064004/,General Space Biology & Life Support,Cross-Species / General Model,Spaceflight / Space Environment,MODERATE (Long-Duration Crew Health Factor),Artificial Gravity via Centrifugation (0.38g - 1.0g Intermittent),Emerging Evidence,Consistent preliminary data; broader longitudinal validation required for Moon-Mars transit regimes.
66,IRE1: ER stress sensor and cell fate executor.,PMC3818365,https://www.ncbi.nlm.nih.gov/pmc/articles/PMC3818365/,General Space Biology & Life Support,In Vitro / Cell Culture / Organoid,Spaceflight / Space Environment,MODERATE (Long-Duration Crew Health Factor),Artificial Gravity via Centrifugation (0.38g - 1.0g Intermittent),Emerging Evidence,Consistent preliminary data; broader longitudinal validation required for Moon-Mars transit regimes.
67,Inter-regulation of the unfolded protein response and auxin signaling.,PMC3981873,https://www.ncbi.nlm.nih.gov/pmc/articles/PMC3981873/,General Space Biology & Life Support,Cross-Species / General Model,Spaceflight / Space Environment,MODERATE (Long-Duration Crew Health Factor),Artificial Gravity via Centrifugation (0.38g - 1.0g Intermittent),Emerging Evidence,Consistent preliminary data; broader longitudinal validation required for Moon-Mars transit regimes.
68,Endoplasmic reticulum-shape and function in stress translation,PMC4150462,https://www.ncbi.nlm.nih.gov/pmc/articles/PMC4150462/,General Space Biology & Life Support,Cross-Species / General Model,Spaceflight / Space Environment,MODERATE (Long-Duration Crew Health Factor),Artificial Gravity via Centrifugation (0.38g - 1.0g Intermittent),Emerging Evidence,Consistent preliminary data; broader longitudinal validation required for Moon-Mars transit regimes.
69,Galactose-depleted xycoglucan is dysfunctional and leads to dwarfism in Arabidopsis,PMC4378170,https://www.ncbi.nlm.nih.gov/pmc/articles/PMC4378170/,Plant Biology & Space Agriculture,Arabidopsis thaliana (Plants),Spaceflight / Space Environment,MISSION ESSENTIAL (Bioregenerative Food & O2 Systems),Artificial Gravity via Centrifugation (0.38g - 1.0g Intermittent),Emerging Evidence,Consistent preliminary data; broader longitudinal validation required for Moon-Mars transit regimes.
70,"Unfolded protein response in plants: one master, many questions.",PMC4618186,https://www.ncbi.nlm.nih.gov/pmc/articles/PMC4618186/,Plant Biology & Space Agriculture,Arabidopsis thaliana (Plants),Spaceflight / Space Environment,MISSION ESSENTIAL (Bioregenerative Food & O2 Systems),Tailored LED Light Spectrum (Far-Red/Blue) + Active Aerated Root Substrates,Emerging Evidence,Consistent preliminary data; broader longitudinal validation required for Moon-Mars transit regimes.
71,Vesicles versus Tubes: Is Endoplasmic Reticulum-Golgi Transport in Plants Fundamentally Different from Other Eukaryotes?,PMC4453782,https://www.ncbi.nlm.nih.gov/pmc/articles/PMC4453782/,Plant Biology & Space Agriculture,Arabidopsis thaliana (Plants),Spaceflight / Space Environment,MISSION ESSENTIAL (Bioregenerative Food & O2 Systems),Tailored LED Light Spectrum (Far-Red/Blue) + Active Aerated Root Substrates,Emerging Evidence,Consistent preliminary data; broader longitudinal validation required for Moon-Mars transit regimes.
72,Pectin methylesterification impacts the relationship between photosynthesis and plant growth.,PMC4902601,https://www.ncbi.nlm.nih.gov/pmc/articles/PMC4902601/,Plant Biology & Space Agriculture,Arabidopsis thaliana (Plants),Spaceflight / Space Environment,MISSION ESSENTIAL (Bioregenerative Food & O2 Systems),Tailored LED Light Spectrum (Far-Red/Blue) + Active Aerated Root Substrates,Emerging Evidence,Consistent preliminary data; broader longitudinal validation required for Moon-Mars transit regimes.
73,Reduced Chloroplast Coverage genes from Arabidopsis thaliana help to establish the size of the chloroplast compartment,PMC4776492,https://www.ncbi.nlm.nih.gov/pmc/articles/PMC4776492/,Plant Biology & Space Agriculture,Arabidopsis thaliana (Plants),Spaceflight / Space Environment,MISSION ESSENTIAL (Bioregenerative Food & O2 Systems),Artificial Gravity via Centrifugation (0.38g - 1.0g Intermittent),Emerging Evidence,Consistent preliminary data; broader longitudinal validation required for Moon-Mars transit regimes.
74,Maintaining the factory: The roles of the unfolded protein response in cellular homeostasis in plants.,PMC5415411,https://www.ncbi.nlm.nih.gov/pmc/articles/PMC5415411/,Plant Biology & Space Agriculture,Arabidopsis thaliana (Plants),Spaceflight / Space Environment,MISSION ESSENTIAL (Bioregenerative Food & O2 Systems),Tailored LED Light Spectrum (Far-Red/Blue) + Active Aerated Root Substrates,Emerging Evidence,Consistent preliminary data; broader longitudinal validation required for Moon-Mars transit regimes.
75,NADPH oxidase activity is required for ER stress survival in plants.,PMC6289879,https://www.ncbi.nlm.nih.gov/pmc/articles/PMC6289879/,Plant Biology & Space Agriculture,Arabidopsis thaliana (Plants),Spaceflight / Space Environment,MISSION ESSENTIAL (Bioregenerative Food & O2 Systems),Tailored LED Light Spectrum (Far-Red/Blue) + Active Aerated Root Substrates,Emerging Evidence,Consistent preliminary data; broader longitudinal validation required for Moon-Mars transit regimes.
76,Relevance of the Unfolded Protein Response to Spaceflight-Induced Transcriptional Reprogramming in Arabidopsis,PMC7987364,https://www.ncbi.nlm.nih.gov/pmc/articles/PMC7987364/,Plant Biology & Space Agriculture,Arabidopsis thaliana (Plants),Spaceflight / Space Environment,MISSION ESSENTIAL (Bioregenerative Food & O2 Systems),Artificial Gravity via Centrifugation (0.38g - 1.0g Intermittent),Emerging Evidence,Consistent preliminary data; broader longitudinal validation required for Moon-Mars transit regimes.
77,Reanalysis of the Mars500 experiment reveals common gut microbiome alterations in astronauts induced by long-duration confinement,PMC8099722,https://www.ncbi.nlm.nih.gov/pmc/articles/PMC8099722/,Microbiology & Biofilms,Mus musculus (Rodents),Spaceflight / Space Environment,MODERATE (Long-Duration Crew Health Factor),"Probiotics, Microbial Air Filtration, Antimicrobial Copper Surfaces",High Consensus,"Reproduced across independent missions (ISS, Shuttle, Bion-M1). Clear pathological mechanism documented."
78,"High atomic weight, high-energy radiation (HZE) induces transcriptional responses shared with conventional stresses in addition to a core ""DSB"" response specific to clastogenic treatments",PMC5116466,https://www.ncbi.nlm.nih.gov/pmc/articles/PMC5116466/,Radiation & Deep Space Hazards,Cross-Species / General Model,Spaceflight / Space Environment,CRITICAL (High Priority for Mars Transit & Lunar Surface),Hydrocarbon Polymer/Water Shielding + Radioprotective Bio-agents,High Consensus,"Reproduced across independent missions (ISS, Shuttle, Bion-M1). Clear pathological mechanism documented."
79,Genomic stability in response to high versus low linear energy transfer radiation in Arabidopsis thaliana,PMC4033213,https://www.ncbi.nlm.nih.gov/pmc/articles/PMC4033213/,Radiation & Deep Space Hazards,Arabidopsis thaliana (Plants),Spaceflight / Space Environment,CRITICAL (High Priority for Mars Transit & Lunar Surface),Hydrocarbon Polymer/Water Shielding + Radioprotective Bio-agents,Emerging Evidence,Consistent preliminary data; broader longitudinal validation required for Moon-Mars transit regimes.
80,Acceleration profiles and processing methods for parabolic flight.,PMC6081456,https://www.ncbi.nlm.nih.gov/pmc/articles/PMC6081456/,General Space Biology & Life Support,Mus musculus (Rodents),Ground Analog (Clinostat / Hindlimb / Bedrest),MODERATE (Long-Duration Crew Health Factor),Artificial Gravity via Centrifugation (0.38g - 1.0g Intermittent),Emerging Evidence,Consistent preliminary data; broader longitudinal validation required for Moon-Mars transit regimes.
81,Cytoskeleton structure and total methylation of mouse cardiac and lung tissue during space flight.,PMC5955502,https://www.ncbi.nlm.nih.gov/pmc/articles/PMC5955502/,Cardiovascular & Fluid Shifts,Mus musculus (Rodents),ISS (International Space Station),HIGH (Requires Active Countermeasures & Monitoring),Artificial Gravity via Centrifugation (0.38g - 1.0g Intermittent),Emerging Evidence,Consistent preliminary data; broader longitudinal validation required for Moon-Mars transit regimes.
82,Toward countering muscle and bone loss with spaceflight: GSK3 as a potential target,PMC10285634,https://www.ncbi.nlm.nih.gov/pmc/articles/PMC10285634/,Musculoskeletal & Bone Loss,Cross-Species / General Model,Spaceflight / Space Environment,CRITICAL (High Priority for Mars Transit & Lunar Surface),Nutritional Vitamin D/Calcium + Axial Loading Compression Suit,High Consensus,"Reproduced across independent missions (ISS, Shuttle, Bion-M1). Clear pathological mechanism documented."
83,Spaceflight increases sarcoplasmic reticulum Ca2+ leak and this cannot be counteracted with BuOE treatment,PMC11271499,https://www.ncbi.nlm.nih.gov/pmc/articles/PMC11271499/,General Space Biology & Life Support,Cross-Species / General Model,Spaceflight / Space Environment,MODERATE (Long-Duration Crew Health Factor),Artificial Gravity via Centrifugation (0.38g - 1.0g Intermittent),Emerging Evidence,Consistent preliminary data; broader longitudinal validation required for Moon-Mars transit regimes.
84,Cardiovascular progenitor cells cultured aboard the International Space Station exhibit altered developmental and functional properties,PMC6062551,https://www.ncbi.nlm.nih.gov/pmc/articles/PMC6062551/,Cardiovascular & Fluid Shifts,In Vitro / Cell Culture / Organoid,ISS (International Space Station),HIGH (Requires Active Countermeasures & Monitoring),Lower Body Negative Pressure (LBNP) + Saline Hyper-hydration,Emerging Evidence,Consistent preliminary data; broader longitudinal validation required for Moon-Mars transit regimes.
85,Inter-agency perspective: Translating advances in biomarker discovery and medical countermeasures development between terrestrial and space radiation environments,PMC9832585,https://www.ncbi.nlm.nih.gov/pmc/articles/PMC9832585/,Radiation & Deep Space Hazards,Cross-Species / General Model,Spaceflight / Space Environment,CRITICAL (High Priority for Mars Transit & Lunar Surface),Hydrocarbon Polymer/Water Shielding + Radioprotective Bio-agents,Emerging Evidence,Consistent preliminary data; broader longitudinal validation required for Moon-Mars transit regimes.
86,Genomic and functional characterization of Enterococcus faecalis isolates recovered from the International Space Station and their potential for pathogenicity,PMC7829349,https://www.ncbi.nlm.nih.gov/pmc/articles/PMC7829349/,Microbiology & Biofilms,Cross-Species / General Model,ISS (International Space Station),MODERATE (Long-Duration Crew Health Factor),Artificial Gravity via Centrifugation (0.38g - 1.0g Intermittent),Emerging Evidence,Consistent preliminary data; broader longitudinal validation required for Moon-Mars transit regimes.
87,Evaluation of in vitro macrophage differentiation during space flight.,PMC3570223,https://www.ncbi.nlm.nih.gov/pmc/articles/PMC3570223/,Plant Biology & Space Agriculture,Arabidopsis thaliana (Plants),Spaceflight / Space Environment,MISSION ESSENTIAL (Bioregenerative Food & O2 Systems),Artificial Gravity via Centrifugation (0.38g - 1.0g Intermittent),Emerging Evidence,Consistent preliminary data; broader longitudinal validation required for Moon-Mars transit regimes.
88,Identification of critical host mitochondrion-associated genes during Ehrlichia chaffeensis infections,PMC3457586,https://www.ncbi.nlm.nih.gov/pmc/articles/PMC3457586/,"Omics, Mitochondria & Cellular Stress",Cross-Species / General Model,Spaceflight / Space Environment,MODERATE (Long-Duration Crew Health Factor),Artificial Gravity via Centrifugation (0.38g - 1.0g Intermittent),Emerging Evidence,Consistent preliminary data; broader longitudinal validation required for Moon-Mars transit regimes.
89,Ehrlichia chaffeensis replication sites in adult Drosophila melanogaster.,PMC3558598,https://www.ncbi.nlm.nih.gov/pmc/articles/PMC3558598/,"Omics, Mitochondria & Cellular Stress",Drosophila melanogaster (Fruit Fly),Spaceflight / Space Environment,MODERATE (Long-Duration Crew Health Factor),Artificial Gravity via Centrifugation (0.38g - 1.0g Intermittent),Emerging Evidence,Consistent preliminary data; broader longitudinal validation required for Moon-Mars transit regimes.
90,Development and characterization of two porcine monocyte-derived macrophage cell lines.,PMC11046949,https://www.ncbi.nlm.nih.gov/pmc/articles/PMC11046949/,Plant Biology & Space Agriculture,Arabidopsis thaliana (Plants),Spaceflight / Space Environment,MISSION ESSENTIAL (Bioregenerative Food & O2 Systems),Artificial Gravity via Centrifugation (0.38g - 1.0g Intermittent),Emerging Evidence,Consistent preliminary data; broader longitudinal validation required for Moon-Mars transit regimes.
91,Understanding macrophage differentiation during space flight: The importance of ground-based experiments before space flight,PMC3890248,https://www.ncbi.nlm.nih.gov/pmc/articles/PMC3890248/,Plant Biology & Space Agriculture,Arabidopsis thaliana (Plants),Spaceflight / Space Environment,MISSION ESSENTIAL (Bioregenerative Food & O2 Systems),Artificial Gravity via Centrifugation (0.38g - 1.0g Intermittent),Emerging Evidence,Consistent preliminary data; broader longitudinal validation required for Moon-Mars transit regimes.
92,Bone marrow leptin signaling mediates obesity-associated adipose tissue inflammation in male mice.,PMC3868799,https://www.ncbi.nlm.nih.gov/pmc/articles/PMC3868799/,Musculoskeletal & Bone Loss,Mus musculus (Rodents),ISS (International Space Station),CRITICAL (High Priority for Mars Transit & Lunar Surface),Nutritional Vitamin D/Calcium + Axial Loading Compression Suit,Emerging Evidence,Consistent preliminary data; broader longitudinal validation required for Moon-Mars transit regimes.
93,Establishment and characterization of DB-1: a leptin receptor-deficient murine macrophage cell line,PMC4960141,https://www.ncbi.nlm.nih.gov/pmc/articles/PMC4960141/,Plant Biology & Space Agriculture,Mus musculus (Rodents),Spaceflight / Space Environment,MISSION ESSENTIAL (Bioregenerative Food & O2 Systems),Artificial Gravity via Centrifugation (0.38g - 1.0g Intermittent),Emerging Evidence,Consistent preliminary data; broader longitudinal validation required for Moon-Mars transit regimes.
94,Validation of methods to assess the immunoglobulin gene repertoire in tissues obtained from mice on the International Space Station.,PMC5736159,https://www.ncbi.nlm.nih.gov/pmc/articles/PMC5736159/,General Space Biology & Life Support,Mus musculus (Rodents),ISS (International Space Station),MODERATE (Long-Duration Crew Health Factor),Artificial Gravity via Centrifugation (0.38g - 1.0g Intermittent),Emerging Evidence,Consistent preliminary data; broader longitudinal validation required for Moon-Mars transit regimes.
95,Characterization of the naive murine antibody repertoire using unamplified high-throughput sequencing,PMC5761896,https://www.ncbi.nlm.nih.gov/pmc/articles/PMC5761896/,Immunology & Infection,Mus musculus (Rodents),Spaceflight / Space Environment,HIGH (Requires Active Countermeasures & Monitoring),Artificial Gravity via Centrifugation (0.38g - 1.0g Intermittent),Emerging Evidence,Consistent preliminary data; broader longitudinal validation required for Moon-Mars transit regimes.
96,Effects of spaceflight on the immunoglobulin repertoire of unimmunized C57BL/6 mice,PMC5826609,https://www.ncbi.nlm.nih.gov/pmc/articles/PMC5826609/,General Space Biology & Life Support,Mus musculus (Rodents),Spaceflight / Space Environment,MODERATE (Long-Duration Crew Health Factor),Artificial Gravity via Centrifugation (0.38g - 1.0g Intermittent),Emerging Evidence,Consistent preliminary data; broader longitudinal validation required for Moon-Mars transit regimes.
97,A comparison of unamplified and massively multiplexed PCR amplification for murine antibody repertoire sequencing.,PMC6366624,https://www.ncbi.nlm.nih.gov/pmc/articles/PMC6366624/,Immunology & Infection,Mus musculus (Rodents),Spaceflight / Space Environment,HIGH (Requires Active Countermeasures & Monitoring),Artificial Gravity via Centrifugation (0.38g - 1.0g Intermittent),Emerging Evidence,Consistent preliminary data; broader longitudinal validation required for Moon-Mars transit regimes.
98,Effects of skeletal unloading on the antibody repertoire of tetanus toxoid and/or CpG treated C57BL/6J mice.,PMC11929063,https://www.ncbi.nlm.nih.gov/pmc/articles/PMC11929063/,Musculoskeletal & Bone Loss,Mus musculus (Rodents),Ground Analog (Clinostat / Hindlimb / Bedrest),CRITICAL (High Priority for Mars Transit & Lunar Surface),Artificial Gravity via Centrifugation (0.38g - 1.0g Intermittent),Emerging Evidence,Consistent preliminary data; broader longitudinal validation required for Moon-Mars transit regimes.
99,Effects of skeletal unloading on the bone marrow antibody repertoire of tetanus toxoid and/or CpG treated C57BL/6J mice.,PMC11929063,https://www.ncbi.nlm.nih.gov/pmc/articles/PMC11929063/,Musculoskeletal & Bone Loss,Mus musculus (Rodents),Ground Analog (Clinostat / Hindlimb / Bedrest),CRITICAL (High Priority for Mars Transit & Lunar Surface),Nutritional Vitamin D/Calcium + Axial Loading Compression Suit,Emerging Evidence,Consistent preliminary data; broader longitudinal validation required for Moon-Mars transit regimes.
100,An Analysis of the Effects of Spaceflight and Vaccination on Antibody Repertoire Diversity,PMC10996920,https://www.ncbi.nlm.nih.gov/pmc/articles/PMC10996920/,Immunology & Infection,Cross-Species / General Model,Spaceflight / Space Environment,HIGH (Requires Active Countermeasures & Monitoring),Artificial Gravity via Centrifugation (0.38g - 1.0g Intermittent),Emerging Evidence,Consistent preliminary data; broader longitudinal validation required for Moon-Mars transit regimes.
101,Effects of spaceflight aboard the International Space Station on mouse estrous cycle and ovarian gene expression,PMC7954810,https://www.ncbi.nlm.nih.gov/pmc/articles/PMC7954810/,General Space Biology & Life Support,Mus musculus (Rodents),ISS (International Space Station),MODERATE (Long-Duration Crew Health Factor),Artificial Gravity via Centrifugation (0.38g - 1.0g Intermittent),Emerging Evidence,Consistent preliminary data; broader longitudinal validation required for Moon-Mars transit regimes.
102,Effect of spaceflight on Pseudomonas aeruginosa final cell density is modulated by nutrient and oxygen availability.,PMC4228280,https://www.ncbi.nlm.nih.gov/pmc/articles/PMC4228280/,Microbiology & Biofilms,Microbial / Microorganisms,Spaceflight / Space Environment,MODERATE (Long-Duration Crew Health Factor),Artificial Gravity via Centrifugation (0.38g - 1.0g Intermittent),Emerging Evidence,Consistent preliminary data; broader longitudinal validation required for Moon-Mars transit regimes.
103,Spaceflight promotes biofilm formation by Pseudomonas aeruginosa.,PMC3639165,https://www.ncbi.nlm.nih.gov/pmc/articles/PMC3639165/,Microbiology & Biofilms,Microbial / Microorganisms,Spaceflight / Space Environment,MODERATE (Long-Duration Crew Health Factor),Artificial Gravity via Centrifugation (0.38g - 1.0g Intermittent),Emerging Evidence,Consistent preliminary data; broader longitudinal validation required for Moon-Mars transit regimes.
104,GeneLab: Omics database for spaceflight experiments,PMC8044432,https://www.ncbi.nlm.nih.gov/pmc/articles/PMC8044432/,General Space Biology & Life Support,Cross-Species / General Model,Spaceflight / Space Environment,MODERATE (Long-Duration Crew Health Factor),Artificial Gravity via Centrifugation (0.38g - 1.0g Intermittent),Emerging Evidence,Consistent preliminary data; broader longitudinal validation required for Moon-Mars transit regimes.
105,NASA GeneLab: Interfaces for the exploration of space omics data,PMC7778922,https://www.ncbi.nlm.nih.gov/pmc/articles/PMC7778922/,General Space Biology & Life Support,Mus musculus (Rodents),Spaceflight / Space Environment,MODERATE (Long-Duration Crew Health Factor),Artificial Gravity via Centrifugation (0.38g - 1.0g Intermittent),Emerging Evidence,Consistent preliminary data; broader longitudinal validation required for Moon-Mars transit regimes.
106,Comprehensive multi-omics analysis reveals mitochondrial stress as a central biological hub for spaceflight impact,PMC7870178,https://www.ncbi.nlm.nih.gov/pmc/articles/PMC7870178/,"Omics, Mitochondria & Cellular Stress",Cross-Species / General Model,Spaceflight / Space Environment,MODERATE (Long-Duration Crew Health Factor),Artificial Gravity via Centrifugation (0.38g - 1.0g Intermittent),Emerging Evidence,Consistent preliminary data; broader longitudinal validation required for Moon-Mars transit regimes.
107,A New Era for Space Life Science: International Standards for Space Omics Processing,PMC7733874,https://www.ncbi.nlm.nih.gov/pmc/articles/PMC7733874/,General Space Biology & Life Support,Cross-Species / General Model,Spaceflight / Space Environment,MODERATE (Long-Duration Crew Health Factor),Artificial Gravity via Centrifugation (0.38g - 1.0g Intermittent),Emerging Evidence,Consistent preliminary data; broader longitudinal validation required for Moon-Mars transit regimes.
108,Knowledge Network Embedding of Transcriptomic Data from Spaceflown Mice Uncovers Signs and Symptoms Associated with Terrestrial Diseases,PMC7828077,https://www.ncbi.nlm.nih.gov/pmc/articles/PMC7828077/,"Omics, Mitochondria & Cellular Stress",Mus musculus (Rodents),Spaceflight / Space Environment,MODERATE (Long-Duration Crew Health Factor),Artificial Gravity via Centrifugation (0.38g - 1.0g Intermittent),Emerging Evidence,Consistent preliminary data; broader longitudinal validation required for Moon-Mars transit regimes.
109,NASA GeneLab RNA-Seq Consensus Pipeline: Standardized Processing of Short-Read RNA-Seq Data,PMC8044432,https://www.ncbi.nlm.nih.gov/pmc/articles/PMC8044432/,"Omics, Mitochondria & Cellular Stress",Cross-Species / General Model,Spaceflight / Space Environment,MODERATE (Long-Duration Crew Health Factor),Artificial Gravity via Centrifugation (0.38g - 1.0g Intermittent),Emerging Evidence,Consistent preliminary data; broader longitudinal validation required for Moon-Mars transit regimes.
110,Spatially resolved multiomics on the neuronal effects induced by spaceflight in mice,PMC11166911,https://www.ncbi.nlm.nih.gov/pmc/articles/PMC11166911/,Neuroscience & Vision (SANS),Mus musculus (Rodents),Spaceflight / Space Environment,HIGH (Requires Active Countermeasures & Monitoring),Artificial Gravity via Centrifugation (0.38g - 1.0g Intermittent),Emerging Evidence,Consistent preliminary data; broader longitudinal validation required for Moon-Mars transit regimes.
111,Biological horizons: pioneering open science in the cosmos,PMC11167097,https://www.ncbi.nlm.nih.gov/pmc/articles/PMC11167097/,General Space Biology & Life Support,Cross-Species / General Model,Spaceflight / Space Environment,MODERATE (Long-Duration Crew Health Factor),Artificial Gravity via Centrifugation (0.38g - 1.0g Intermittent),Emerging Evidence,Consistent preliminary data; broader longitudinal validation required for Moon-Mars transit regimes.
112,Inspiration4 data access through the NASA Open Science Data Repository,PMC11094041,https://www.ncbi.nlm.nih.gov/pmc/articles/PMC11094041/,General Space Biology & Life Support,Mus musculus (Rodents),Spaceflight / Space Environment,MODERATE (Long-Duration Crew Health Factor),Artificial Gravity via Centrifugation (0.38g - 1.0g Intermittent),Emerging Evidence,Consistent preliminary data; broader longitudinal validation required for Moon-Mars transit regimes.
113,NASA GeneLab derived microarray studies of Mus musculus and Homo sapiens organisms in altered gravitational conditions.,PMC11053165,https://www.ncbi.nlm.nih.gov/pmc/articles/PMC11053165/,General Space Biology & Life Support,Cross-Species / General Model,Spaceflight / Space Environment,MODERATE (Long-Duration Crew Health Factor),Artificial Gravity via Centrifugation (0.38g - 1.0g Intermittent),Emerging Evidence,Consistent preliminary data; broader longitudinal validation required for Moon-Mars transit regimes.
114,Celebrating 30 years of access to NASA space life sciences data,PMC11403809,https://www.ncbi.nlm.nih.gov/pmc/articles/PMC11403809/,General Space Biology & Life Support,Mus musculus (Rodents),Spaceflight / Space Environment,MODERATE (Long-Duration Crew Health Factor),Artificial Gravity via Centrifugation (0.38g - 1.0g Intermittent),Emerging Evidence,Consistent preliminary data; broader longitudinal validation required for Moon-Mars transit regimes.
115,Dichotomous effects on lymphatic transport with loss of caveolae in mice.,PMC8513672,https://www.ncbi.nlm.nih.gov/pmc/articles/PMC8513672/,General Space Biology & Life Support,Mus musculus (Rodents),Spaceflight / Space Environment,MODERATE (Long-Duration Crew Health Factor),Artificial Gravity via Centrifugation (0.38g - 1.0g Intermittent),High Consensus,"Reproduced across independent missions (ISS, Shuttle, Bion-M1). Clear pathological mechanism documented."
116,Fungal diversity differences in the indoor dust microbiome from built environments on Earth and in space.,PMC11126634,https://www.ncbi.nlm.nih.gov/pmc/articles/PMC11126634/,Microbiology & Biofilms,Cross-Species / General Model,Spaceflight / Space Environment,MODERATE (Long-Duration Crew Health Factor),"Probiotics, Microbial Air Filtration, Antimicrobial Copper Surfaces",Emerging Evidence,Consistent preliminary data; broader longitudinal validation required for Moon-Mars transit regimes.
117,Predicting how varying moisture conditions impact the microbiome of dust collected from the International Space Station,PMC11386075,https://www.ncbi.nlm.nih.gov/pmc/articles/PMC11386075/,Microbiology & Biofilms,Cross-Species / General Model,ISS (International Space Station),MODERATE (Long-Duration Crew Health Factor),"Probiotics, Microbial Air Filtration, Antimicrobial Copper Surfaces",Emerging Evidence,Consistent preliminary data; broader longitudinal validation required for Moon-Mars transit regimes.
118,Aging and estrogen status: A possible endothelium-dependent vascular coupling mechanism in bone remodeling.,PMC3502426,https://www.ncbi.nlm.nih.gov/pmc/articles/PMC3502426/,Musculoskeletal & Bone Loss,Cross-Species / General Model,Spaceflight / Space Environment,CRITICAL (High Priority for Mars Transit & Lunar Surface),Nutritional Vitamin D/Calcium + Axial Loading Compression Suit,Emerging Evidence,Consistent preliminary data; broader longitudinal validation required for Moon-Mars transit regimes.
119,Chronic skeletal unloading of the rat femur: mechanisms and functional consequences of vascular remodeling.,PMC3856860,https://www.ncbi.nlm.nih.gov/pmc/articles/PMC3856860/,Musculoskeletal & Bone Loss,Mus musculus (Rodents),Ground Analog (Clinostat / Hindlimb / Bedrest),CRITICAL (High Priority for Mars Transit & Lunar Surface),Artificial Gravity via Centrifugation (0.38g - 1.0g Intermittent),Emerging Evidence,Consistent preliminary data; broader longitudinal validation required for Moon-Mars transit regimes.
120,Differential effects of aging and exercise on intra-abdominal adipose arteriolar function and blood flow regulation.,PMC3615599,https://www.ncbi.nlm.nih.gov/pmc/articles/PMC3615599/,General Space Biology & Life Support,Cross-Species / General Model,Spaceflight / Space Environment,MODERATE (Long-Duration Crew Health Factor),Artificial Gravity via Centrifugation (0.38g - 1.0g Intermittent),Controversial / Active Debate,Conflicting findings reported between flight durations or between in vitro vs in vivo models. Requires targeted flight trials.
121,Effects of spaceflight and ground recovery on mesenteric artery and vein constrictor properties in mice.,PMC4050424,https://www.ncbi.nlm.nih.gov/pmc/articles/PMC4050424/,Cardiovascular & Fluid Shifts,Mus musculus (Rodents),Spaceflight / Space Environment,HIGH (Requires Active Countermeasures & Monitoring),Artificial Gravity via Centrifugation (0.38g - 1.0g Intermittent),Emerging Evidence,Consistent preliminary data; broader longitudinal validation required for Moon-Mars transit regimes.
122,"Spaceflight-induced alterations in cerebral artery vasoconstrictor, mechanical, and structural properties: Implications for elevated cerebral perfusion and intracranial pressure",PMC3659353,https://www.ncbi.nlm.nih.gov/pmc/articles/PMC3659353/,Cardiovascular & Fluid Shifts,Mus musculus (Rodents),Spaceflight / Space Environment,HIGH (Requires Active Countermeasures & Monitoring),Artificial Gravity via Centrifugation (0.38g - 1.0g Intermittent),High Consensus,"Reproduced across independent missions (ISS, Shuttle, Bion-M1). Clear pathological mechanism documented."
123,Exercise training augments regional bone and marrow blood flow during exercise.,PMC4169763,https://www.ncbi.nlm.nih.gov/pmc/articles/PMC4169763/,Musculoskeletal & Bone Loss,Cross-Species / General Model,Spaceflight / Space Environment,CRITICAL (High Priority for Mars Transit & Lunar Surface),Resistive & High-Intensity Interval Exercise (ARED/T2),Emerging Evidence,Consistent preliminary data; broader longitudinal validation required for Moon-Mars transit regimes.
124,Effects of Skeletal Unloading on the Vasomotor Properties of the Rat Femur Principal Nutrient Artery,PMC4398884,https://www.ncbi.nlm.nih.gov/pmc/articles/PMC4398884/,Musculoskeletal & Bone Loss,Mus musculus (Rodents),Ground Analog (Clinostat / Hindlimb / Bedrest),CRITICAL (High Priority for Mars Transit & Lunar Surface),Artificial Gravity via Centrifugation (0.38g - 1.0g Intermittent),Emerging Evidence,Consistent preliminary data; broader longitudinal validation required for Moon-Mars transit regimes.
125,Type 2 diabetes alters bone and marrow blood flow and vascular control mechanisms in the ZDF rat.,PMC4379453,https://www.ncbi.nlm.nih.gov/pmc/articles/PMC4379453/,Musculoskeletal & Bone Loss,Mus musculus (Rodents),Spaceflight / Space Environment,CRITICAL (High Priority for Mars Transit & Lunar Surface),Nutritional Vitamin D/Calcium + Axial Loading Compression Suit,Emerging Evidence,Consistent preliminary data; broader longitudinal validation required for Moon-Mars transit regimes.
126,Spaceflight on the Bion-M1 biosatellite alters cerebral artery vasomotor and mechanical properties in mice,PMC4385880,https://www.ncbi.nlm.nih.gov/pmc/articles/PMC4385880/,Cardiovascular & Fluid Shifts,Mus musculus (Rodents),Bion-M / Biosatellite,HIGH (Requires Active Countermeasures & Monitoring),Artificial Gravity via Centrifugation (0.38g - 1.0g Intermittent),Emerging Evidence,Consistent preliminary data; broader longitudinal validation required for Moon-Mars transit regimes.
127,Apollo Lunar Astronauts Show Higher Cardiovascular Disease Mortality: Possible Deep Space Radiation Effects on the Vascular Endothelium,PMC4964660,https://www.ncbi.nlm.nih.gov/pmc/articles/PMC4964660/,Radiation & Deep Space Hazards,Homo sapiens (Humans),Spaceflight / Space Environment,CRITICAL (High Priority for Mars Transit & Lunar Surface),Hydrocarbon Polymer/Water Shielding + Radioprotective Bio-agents,Emerging Evidence,Consistent preliminary data; broader longitudinal validation required for Moon-Mars transit regimes.
128,Effects of age and exercise training on coronary microvascular smooth muscle phenotype and function,PMC5866446,https://www.ncbi.nlm.nih.gov/pmc/articles/PMC5866446/,Musculoskeletal & Bone Loss,Cross-Species / General Model,Spaceflight / Space Environment,CRITICAL (High Priority for Mars Transit & Lunar Surface),Resistive & High-Intensity Interval Exercise (ARED/T2),Emerging Evidence,Consistent preliminary data; broader longitudinal validation required for Moon-Mars transit regimes.
129,Impact of Spaceflight and Artificial Gravity on the Mouse Retina: Biochemical and Proteomic Analysis.,PMC6165321,https://www.ncbi.nlm.nih.gov/pmc/articles/PMC6165321/,Neuroscience & Vision (SANS),Mus musculus (Rodents),Spaceflight / Space Environment,HIGH (Requires Active Countermeasures & Monitoring),"Choline Supplementation, LBNP Nocturnal Counter-pressure, IOP Monitoring",Emerging Evidence,Consistent preliminary data; broader longitudinal validation required for Moon-Mars transit regimes.
130,Simulated microgravity induces regionally distinct neurovascular and structural remodeling of skeletal muscle and cutaneous arteries in the rat,PMC7339929,https://www.ncbi.nlm.nih.gov/pmc/articles/PMC7339929/,Musculoskeletal & Bone Loss,Mus musculus (Rodents),Ground Analog (Clinostat / Hindlimb / Bedrest),CRITICAL (High Priority for Mars Transit & Lunar Surface),Nutritional Vitamin D/Calcium + Axial Loading Compression Suit,High Consensus,"Reproduced across independent missions (ISS, Shuttle, Bion-M1). Clear pathological mechanism documented."
131,Spaceflight decelerates the epigenetic clock orchestrated with a global alteration in DNA methylome and transcriptome in the mouse retina,PMC8220224,https://www.ncbi.nlm.nih.gov/pmc/articles/PMC8220224/,Neuroscience & Vision (SANS),Mus musculus (Rodents),Spaceflight / Space Environment,HIGH (Requires Active Countermeasures & Monitoring),"Choline Supplementation, LBNP Nocturnal Counter-pressure, IOP Monitoring",High Consensus,"Reproduced across independent missions (ISS, Shuttle, Bion-M1). Clear pathological mechanism documented."
132,Development of otolith receptors in Japanese quail.,PMC2910419,https://www.ncbi.nlm.nih.gov/pmc/articles/PMC2910419/,Reproductive & Developmental Biology,Cross-Species / General Model,Spaceflight / Space Environment,MODERATE (Long-Duration Crew Health Factor),Artificial Gravity via Centrifugation (0.38g - 1.0g Intermittent),Emerging Evidence,Consistent preliminary data; broader longitudinal validation required for Moon-Mars transit regimes.
133,Spatial and temporal characteristics of vestibular convergence,PMC3166430,https://www.ncbi.nlm.nih.gov/pmc/articles/PMC3166430/,Neuroscience & Vision (SANS),Cross-Species / General Model,Spaceflight / Space Environment,HIGH (Requires Active Countermeasures & Monitoring),Artificial Gravity via Centrifugation (0.38g - 1.0g Intermittent),Emerging Evidence,Consistent preliminary data; broader longitudinal validation required for Moon-Mars transit regimes.
134,Bone remodeling is regulated by inner ear vestibular signals,PMC6615562,https://www.ncbi.nlm.nih.gov/pmc/articles/PMC6615562/,Musculoskeletal & Bone Loss,Cross-Species / General Model,Spaceflight / Space Environment,CRITICAL (High Priority for Mars Transit & Lunar Surface),Nutritional Vitamin D/Calcium + Axial Loading Compression Suit,Emerging Evidence,Consistent preliminary data; broader longitudinal validation required for Moon-Mars transit regimes.
135,Simulated Microgravity Enhances Oligodendrocyte Mitochondrial Function and Lipid Metabolism,PMC7324008,https://www.ncbi.nlm.nih.gov/pmc/articles/PMC7324008/,"Omics, Mitochondria & Cellular Stress",Cross-Species / General Model,Ground Analog (Clinostat / Hindlimb / Bedrest),MODERATE (Long-Duration Crew Health Factor),Artificial Gravity via Centrifugation (0.38g - 1.0g Intermittent),Emerging Evidence,Consistent preliminary data; broader longitudinal validation required for Moon-Mars transit regimes.
136,Human Neural Stem Cells Flown into Space Proliferate and Generate Young Neurons,PMC8412175,https://www.ncbi.nlm.nih.gov/pmc/articles/PMC8412175/,Neuroscience & Vision (SANS),Mus musculus (Rodents),Spaceflight / Space Environment,HIGH (Requires Active Countermeasures & Monitoring),Artificial Gravity via Centrifugation (0.38g - 1.0g Intermittent),Emerging Evidence,Consistent preliminary data; broader longitudinal validation required for Moon-Mars transit regimes.
137,Delayed Maturation of Oligodendrocyte Progenitors by Microgravity: Implications for Multiple Sclerosis and Space Flight,PMC10607959,https://www.ncbi.nlm.nih.gov/pmc/articles/PMC10607959/,"Omics, Mitochondria & Cellular Stress",Mus musculus (Rodents),Spaceflight / Space Environment,MODERATE (Long-Duration Crew Health Factor),Artificial Gravity via Centrifugation (0.38g - 1.0g Intermittent),Emerging Evidence,Consistent preliminary data; broader longitudinal validation required for Moon-Mars transit regimes.
138,Space Microgravity Alters Neural Stem Cell Division: Implications for Brain Cancer Research on Earth and in Space,PMC9699585,https://www.ncbi.nlm.nih.gov/pmc/articles/PMC9699585/,Neuroscience & Vision (SANS),In Vitro / Cell Culture / Organoid,Spaceflight / Space Environment,HIGH (Requires Active Countermeasures & Monitoring),Artificial Gravity via Centrifugation (0.38g - 1.0g Intermittent),Emerging Evidence,Consistent preliminary data; broader longitudinal validation required for Moon-Mars transit regimes.
139,Oligodendrocyte Progenitors Display Enhanced Proliferation and Autophagy after Space Flight,PMC9953055,https://www.ncbi.nlm.nih.gov/pmc/articles/PMC9953055/,General Space Biology & Life Support,Mus musculus (Rodents),Spaceflight / Space Environment,MODERATE (Long-Duration Crew Health Factor),Artificial Gravity via Centrifugation (0.38g - 1.0g Intermittent),Emerging Evidence,Consistent preliminary data; broader longitudinal validation required for Moon-Mars transit regimes.
140,Metabolomics profile of the secretome of space-flown oligodendrocytes.,PMC10528075,https://www.ncbi.nlm.nih.gov/pmc/articles/PMC10528075/,"Omics, Mitochondria & Cellular Stress",Cross-Species / General Model,Spaceflight / Space Environment,MODERATE (Long-Duration Crew Health Factor),Artificial Gravity via Centrifugation (0.38g - 1.0g Intermittent),Emerging Evidence,Consistent preliminary data; broader longitudinal validation required for Moon-Mars transit regimes.
141,Metabolomic profiling of the secretome from human neural stem cells flown into space.,PMC10813126,https://www.ncbi.nlm.nih.gov/pmc/articles/PMC10813126/,Neuroscience & Vision (SANS),Homo sapiens (Humans),Spaceflight / Space Environment,HIGH (Requires Active Countermeasures & Monitoring),Artificial Gravity via Centrifugation (0.38g - 1.0g Intermittent),Emerging Evidence,Consistent preliminary data; broader longitudinal validation required for Moon-Mars transit regimes.
142,"Strategies, research priorities, and challenges for the exploration of space beyond low-Earth orbit",PMC10390562,https://www.ncbi.nlm.nih.gov/pmc/articles/PMC10390562/,General Space Biology & Life Support,Mus musculus (Rodents),Spaceflight / Space Environment,MODERATE (Long-Duration Crew Health Factor),Artificial Gravity via Centrifugation (0.38g - 1.0g Intermittent),Emerging Evidence,Consistent preliminary data; broader longitudinal validation required for Moon-Mars transit regimes.
143,Spaceflight Induces Specific Alterations in the Proteomes of Arabidopsis,PMC4290804,https://www.ncbi.nlm.nih.gov/pmc/articles/PMC4290804/,Radiation & Deep Space Hazards,Mus musculus (Rodents),Spaceflight / Space Environment,CRITICAL (High Priority for Mars Transit & Lunar Surface),Artificial Gravity via Centrifugation (0.38g - 1.0g Intermittent),High Consensus,"Reproduced across independent missions (ISS, Shuttle, Bion-M1). Clear pathological mechanism documented."
144,The effect of spaceflight on the gravity-sensing auxin gradient of roots: GFP reporter gene microscopy on orbit.,PMC5515520,https://www.ncbi.nlm.nih.gov/pmc/articles/PMC5515520/,Plant Biology & Space Agriculture,Arabidopsis thaliana (Plants),Spaceflight / Space Environment,MISSION ESSENTIAL (Bioregenerative Food & O2 Systems),Artificial Gravity via Centrifugation (0.38g - 1.0g Intermittent),Emerging Evidence,Consistent preliminary data; broader longitudinal validation required for Moon-Mars transit regimes.
145,Skewing in Arabidopsis roots involves disparate environmental signaling pathways.,PMC5286820,https://www.ncbi.nlm.nih.gov/pmc/articles/PMC5286820/,Plant Biology & Space Agriculture,Mus musculus (Rodents),Spaceflight / Space Environment,MISSION ESSENTIAL (Bioregenerative Food & O2 Systems),Artificial Gravity via Centrifugation (0.38g - 1.0g Intermittent),Emerging Evidence,Consistent preliminary data; broader longitudinal validation required for Moon-Mars transit regimes.
146,"Data for characterization of SALK_084889, a T-DNA insertion line of Arabidopsis thaliana",PMC5470433,https://www.ncbi.nlm.nih.gov/pmc/articles/PMC5470433/,Plant Biology & Space Agriculture,Arabidopsis thaliana (Plants),Spaceflight / Space Environment,MISSION ESSENTIAL (Bioregenerative Food & O2 Systems),Artificial Gravity via Centrifugation (0.38g - 1.0g Intermittent),Emerging Evidence,Consistent preliminary data; broader longitudinal validation required for Moon-Mars transit regimes.
147,Genetic dissection of the Arabidopsis spaceflight transcriptome: Are some responses dispensable for the physiological adaptation of plants to spaceflight?,PMC5491145,https://www.ncbi.nlm.nih.gov/pmc/articles/PMC5491145/,Radiation & Deep Space Hazards,Arabidopsis thaliana (Plants),ISS (International Space Station),CRITICAL (High Priority for Mars Transit & Lunar Surface),Tailored LED Light Spectrum (Far-Red/Blue) + Active Aerated Root Substrates,Emerging Evidence,Consistent preliminary data; broader longitudinal validation required for Moon-Mars transit regimes.
148,Phenotypic characterization of an Arabidopsis T- DNA insertion line SALK_063500,PMC5996828,https://www.ncbi.nlm.nih.gov/pmc/articles/PMC5996828/,Plant Biology & Space Agriculture,Arabidopsis thaliana (Plants),Spaceflight / Space Environment,MISSION ESSENTIAL (Bioregenerative Food & O2 Systems),Artificial Gravity via Centrifugation (0.38g - 1.0g Intermittent),Emerging Evidence,Consistent preliminary data; broader longitudinal validation required for Moon-Mars transit regimes.
149,Utilization of single‚Äêimage normalized difference vegetation index (SI‚ÄêNDVI) for early plant stress detection,PMC6201722,https://www.ncbi.nlm.nih.gov/pmc/articles/PMC6201722/,Plant Biology & Space Agriculture,Arabidopsis thaliana (Plants),Spaceflight / Space Environment,MISSION ESSENTIAL (Bioregenerative Food & O2 Systems),Tailored LED Light Spectrum (Far-Red/Blue) + Active Aerated Root Substrates,Emerging Evidence,Consistent preliminary data; broader longitudinal validation required for Moon-Mars transit regimes.
150,Comparing RNA-Seq and microarray gene expression data in two zones of the Arabidopsis root apex relevant to spaceflight.,PMC6240453,https://www.ncbi.nlm.nih.gov/pmc/articles/PMC6240453/,Plant Biology & Space Agriculture,Arabidopsis thaliana (Plants),Spaceflight / Space Environment,MISSION ESSENTIAL (Bioregenerative Food & O2 Systems),Artificial Gravity via Centrifugation (0.38g - 1.0g Intermittent),Emerging Evidence,Consistent preliminary data; broader longitudinal validation required for Moon-Mars transit regimes.
151,Spaceflight-induced alternative splicing during seedling development in Arabidopsis thaliana.,PMC6447593,https://www.ncbi.nlm.nih.gov/pmc/articles/PMC6447593/,Plant Biology & Space Agriculture,Arabidopsis thaliana (Plants),Spaceflight / Space Environment,MISSION ESSENTIAL (Bioregenerative Food & O2 Systems),Artificial Gravity via Centrifugation (0.38g - 1.0g Intermittent),Emerging Evidence,Consistent preliminary data; broader longitudinal validation required for Moon-Mars transit regimes.
152,The Plant Health Monitoring System of the EDEN ISS Space Greenhouse in Antarctica during the 2018 experiment phase,PMC7264257,https://www.ncbi.nlm.nih.gov/pmc/articles/PMC7264257/,Plant Biology & Space Agriculture,Arabidopsis thaliana (Plants),ISS (International Space Station),MISSION ESSENTIAL (Bioregenerative Food & O2 Systems),Tailored LED Light Spectrum (Far-Red/Blue) + Active Aerated Root Substrates,Emerging Evidence,Consistent preliminary data; broader longitudinal validation required for Moon-Mars transit regimes.
153,Root skewing-associated genes impact the spaceflight response of Arabidopsis thaliana.,PMC7064724,https://www.ncbi.nlm.nih.gov/pmc/articles/PMC7064724/,Plant Biology & Space Agriculture,Arabidopsis thaliana (Plants),Spaceflight / Space Environment,MISSION ESSENTIAL (Bioregenerative Food & O2 Systems),Artificial Gravity via Centrifugation (0.38g - 1.0g Intermittent),Emerging Evidence,Consistent preliminary data; broader longitudinal validation required for Moon-Mars transit regimes.
154,Articular cartilage and sternal fibrocartilage respond differently to extended microgravity.,PMC6379395,https://www.ncbi.nlm.nih.gov/pmc/articles/PMC6379395/,Musculoskeletal & Bone Loss,Cross-Species / General Model,Spaceflight / Space Environment,CRITICAL (High Priority for Mars Transit & Lunar Surface),Artificial Gravity via Centrifugation (0.38g - 1.0g Intermittent),Emerging Evidence,Consistent preliminary data; broader longitudinal validation required for Moon-Mars transit regimes.
155,Host-microbe interactions in microgravity: assessment and implications.,PMC4187166,https://www.ncbi.nlm.nih.gov/pmc/articles/PMC4187166/,Microbiology & Biofilms,Microbial / Microorganisms,Spaceflight / Space Environment,MODERATE (Long-Duration Crew Health Factor),"Probiotics, Microbial Air Filtration, Antimicrobial Copper Surfaces",Emerging Evidence,Consistent preliminary data; broader longitudinal validation required for Moon-Mars transit regimes.
156,Environmental cues and symbiont microbe-associated molecular patterns function in concert to drive the daily remodelling of the crypt-cell brush border of the Euprymna scolopes light organ,PMC5219934,https://www.ncbi.nlm.nih.gov/pmc/articles/PMC5219934/,Microbiology & Biofilms,Microbial / Microorganisms,Spaceflight / Space Environment,MODERATE (Long-Duration Crew Health Factor),"Probiotics, Microbial Air Filtration, Antimicrobial Copper Surfaces",Emerging Evidence,Consistent preliminary data; broader longitudinal validation required for Moon-Mars transit regimes.
157,Symbiotic organs shaped by distinct modes of genome evolution in cephalopods.,PMC6386654,https://www.ncbi.nlm.nih.gov/pmc/articles/PMC6386654/,General Space Biology & Life Support,Cross-Species / General Model,Spaceflight / Space Environment,MODERATE (Long-Duration Crew Health Factor),Artificial Gravity via Centrifugation (0.38g - 1.0g Intermittent),Emerging Evidence,Consistent preliminary data; broader longitudinal validation required for Moon-Mars transit regimes.
158,Modeled microgravity alters lipopolysaccharide and outer membrane vesicle production of the beneficial symbiont Vibrio fischeri,PMC7940393,https://www.ncbi.nlm.nih.gov/pmc/articles/PMC7940393/,General Space Biology & Life Support,Cross-Species / General Model,Spaceflight / Space Environment,MODERATE (Long-Duration Crew Health Factor),Artificial Gravity via Centrifugation (0.38g - 1.0g Intermittent),Emerging Evidence,Consistent preliminary data; broader longitudinal validation required for Moon-Mars transit regimes.
159,Emergence of novel cephalopod gene regulation and expression through large-scale genome reorganization,PMC9023564,https://www.ncbi.nlm.nih.gov/pmc/articles/PMC9023564/,General Space Biology & Life Support,Cross-Species / General Model,Spaceflight / Space Environment,MODERATE (Long-Duration Crew Health Factor),Artificial Gravity via Centrifugation (0.38g - 1.0g Intermittent),Controversial / Active Debate,Conflicting findings reported between flight durations or between in vitro vs in vivo models. Requires targeted flight trials.
160,Modeled microgravity alters apoptotic gene expression and caspase activity in the squid-vibrio symbiosis,PMC9389742,https://www.ncbi.nlm.nih.gov/pmc/articles/PMC9389742/,General Space Biology & Life Support,Cross-Species / General Model,Spaceflight / Space Environment,MODERATE (Long-Duration Crew Health Factor),Artificial Gravity via Centrifugation (0.38g - 1.0g Intermittent),Emerging Evidence,Consistent preliminary data; broader longitudinal validation required for Moon-Mars transit regimes.
161,In vitro generation of mechanically functional cartilage grafts based on adult human stem cells and 3D-woven poly(epsilon-caprolactone) scaffolds,PMC2824534,https://www.ncbi.nlm.nih.gov/pmc/articles/PMC2824534/,Musculoskeletal & Bone Loss,Mus musculus (Rodents),Spaceflight / Space Environment,CRITICAL (High Priority for Mars Transit & Lunar Surface),Artificial Gravity via Centrifugation (0.38g - 1.0g Intermittent),Emerging Evidence,Consistent preliminary data; broader longitudinal validation required for Moon-Mars transit regimes.
162,Chondrogenesis and mineralization during in vitro culture of human mesenchymal stem cells on three-dimensional woven scaffolds,PMC2991213,https://www.ncbi.nlm.nih.gov/pmc/articles/PMC2991213/,General Space Biology & Life Support,Homo sapiens (Humans),Spaceflight / Space Environment,MODERATE (Long-Duration Crew Health Factor),Artificial Gravity via Centrifugation (0.38g - 1.0g Intermittent),Emerging Evidence,Consistent preliminary data; broader longitudinal validation required for Moon-Mars transit regimes.
163,Microbiome metadata standards: Report of the National Microbiome Data Collaborative's workshop and follow-on activities.,PMC8269219,https://www.ncbi.nlm.nih.gov/pmc/articles/PMC8269219/,Microbiology & Biofilms,Mus musculus (Rodents),Spaceflight / Space Environment,MODERATE (Long-Duration Crew Health Factor),"Probiotics, Microbial Air Filtration, Antimicrobial Copper Surfaces",Emerging Evidence,Consistent preliminary data; broader longitudinal validation required for Moon-Mars transit regimes.
164,Spaceflight alters host-gut microbiota interactions,PMC11362537,https://www.ncbi.nlm.nih.gov/pmc/articles/PMC11362537/,Microbiology & Biofilms,Cross-Species / General Model,Spaceflight / Space Environment,MODERATE (Long-Duration Crew Health Factor),"Probiotics, Microbial Air Filtration, Antimicrobial Copper Surfaces",Emerging Evidence,Consistent preliminary data; broader longitudinal validation required for Moon-Mars transit regimes.
165,Asparagine biosynthesis as a mechanism of increased host lethality induced by Serratia marcescens in simulated microgravity environments,PMC9111996,https://www.ncbi.nlm.nih.gov/pmc/articles/PMC9111996/,General Space Biology & Life Support,Mus musculus (Rodents),Ground Analog (Clinostat / Hindlimb / Bedrest),MODERATE (Long-Duration Crew Health Factor),Artificial Gravity via Centrifugation (0.38g - 1.0g Intermittent),Emerging Evidence,Consistent preliminary data; broader longitudinal validation required for Moon-Mars transit regimes.
166,Comparative genomic analysis of Cohnella hashimotonis sp. nov. isolated from the International Space Station.,PMC10308117,https://www.ncbi.nlm.nih.gov/pmc/articles/PMC10308117/,General Space Biology & Life Support,Mus musculus (Rodents),ISS (International Space Station),MODERATE (Long-Duration Crew Health Factor),Artificial Gravity via Centrifugation (0.38g - 1.0g Intermittent),Emerging Evidence,Consistent preliminary data; broader longitudinal validation required for Moon-Mars transit regimes.
167,Characterization of metagenome-assembled genomes from the International Space Station,PMC10233975,https://www.ncbi.nlm.nih.gov/pmc/articles/PMC10233975/,General Space Biology & Life Support,Cross-Species / General Model,ISS (International Space Station),MODERATE (Long-Duration Crew Health Factor),Artificial Gravity via Centrifugation (0.38g - 1.0g Intermittent),Emerging Evidence,Consistent preliminary data; broader longitudinal validation required for Moon-Mars transit regimes.
168,Biocontrol in built environments to reduce pathogen exposure and infection risk.,PMC10848226,https://www.ncbi.nlm.nih.gov/pmc/articles/PMC10848226/,Microbiology & Biofilms,Cross-Species / General Model,Spaceflight / Space Environment,MODERATE (Long-Duration Crew Health Factor),Artificial Gravity via Centrifugation (0.38g - 1.0g Intermittent),Emerging Evidence,Consistent preliminary data; broader longitudinal validation required for Moon-Mars transit regimes.
169,Extracellular nucleotides elicit cytosolic free calcium oscillations in Arabidopsis.,PMC3329368,https://www.ncbi.nlm.nih.gov/pmc/articles/PMC3329368/,Plant Biology & Space Agriculture,Arabidopsis thaliana (Plants),Spaceflight / Space Environment,MISSION ESSENTIAL (Bioregenerative Food & O2 Systems),Artificial Gravity via Centrifugation (0.38g - 1.0g Intermittent),Emerging Evidence,Consistent preliminary data; broader longitudinal validation required for Moon-Mars transit regimes.
170,"Calcium, mechanical signaling, and tip growth",PMC12008199,https://www.ncbi.nlm.nih.gov/pmc/articles/PMC12008199/,General Space Biology & Life Support,Cross-Species / General Model,Spaceflight / Space Environment,MODERATE (Long-Duration Crew Health Factor),Artificial Gravity via Centrifugation (0.38g - 1.0g Intermittent),Emerging Evidence,Consistent preliminary data; broader longitudinal validation required for Moon-Mars transit regimes.
171,Gravitropism and mechanical signaling in plants.,PMC12008199,https://www.ncbi.nlm.nih.gov/pmc/articles/PMC12008199/,Plant Biology & Space Agriculture,Arabidopsis thaliana (Plants),Spaceflight / Space Environment,MISSION ESSENTIAL (Bioregenerative Food & O2 Systems),Tailored LED Light Spectrum (Far-Red/Blue) + Active Aerated Root Substrates,Emerging Evidence,Consistent preliminary data; broader longitudinal validation required for Moon-Mars transit regimes.
172,"Salt stress-induced Ca2+ waves are associated with rapid, long-distance root-to-shoot signaling in plants.",PMC4035928,https://www.ncbi.nlm.nih.gov/pmc/articles/PMC4035928/,Plant Biology & Space Agriculture,Arabidopsis thaliana (Plants),Spaceflight / Space Environment,MISSION ESSENTIAL (Bioregenerative Food & O2 Systems),Tailored LED Light Spectrum (Far-Red/Blue) + Active Aerated Root Substrates,Emerging Evidence,Consistent preliminary data; broader longitudinal validation required for Moon-Mars transit regimes.
173,Gravitropic signaling in plants,PMC12008199,https://www.ncbi.nlm.nih.gov/pmc/articles/PMC12008199/,Plant Biology & Space Agriculture,Arabidopsis thaliana (Plants),Spaceflight / Space Environment,MISSION ESSENTIAL (Bioregenerative Food & O2 Systems),Tailored LED Light Spectrum (Far-Red/Blue) + Active Aerated Root Substrates,Emerging Evidence,Consistent preliminary data; broader longitudinal validation required for Moon-Mars transit regimes.
174,Wortmannin-induced vacuole fusion enhances amyloplast dynamics in Arabidopsis zigzag1 hypocotyls.,PMC5181587,https://www.ncbi.nlm.nih.gov/pmc/articles/PMC5181587/,Plant Biology & Space Agriculture,Arabidopsis thaliana (Plants),Spaceflight / Space Environment,MISSION ESSENTIAL (Bioregenerative Food & O2 Systems),Artificial Gravity via Centrifugation (0.38g - 1.0g Intermittent),Emerging Evidence,Consistent preliminary data; broader longitudinal validation required for Moon-Mars transit regimes.
175,A ROS-assisted calcium wave dependent on AtRBOHD and TPC1 propagates the systemic response to salt stress in Arabidopsis roots,PMC4936552,https://www.ncbi.nlm.nih.gov/pmc/articles/PMC4936552/,Plant Biology & Space Agriculture,Arabidopsis thaliana (Plants),Spaceflight / Space Environment,MISSION ESSENTIAL (Bioregenerative Food & O2 Systems),Artificial Gravity via Centrifugation (0.38g - 1.0g Intermittent),Emerging Evidence,Consistent preliminary data; broader longitudinal validation required for Moon-Mars transit regimes.
176,"ROS, calcium and electric signals: Key mediators of rapid systemic signaling in plants",PMC7610290,https://www.ncbi.nlm.nih.gov/pmc/articles/PMC7610290/,Plant Biology & Space Agriculture,Arabidopsis thaliana (Plants),Spaceflight / Space Environment,MISSION ESSENTIAL (Bioregenerative Food & O2 Systems),Tailored LED Light Spectrum (Far-Red/Blue) + Active Aerated Root Substrates,Emerging Evidence,Consistent preliminary data; broader longitudinal validation required for Moon-Mars transit regimes.
177,Real-time In Vivo Recording of Arabidopsis Calcium Signals During Insect Feeding Using a Fluorescent Biosensor,PMC5614317,https://www.ncbi.nlm.nih.gov/pmc/articles/PMC5614317/,Plant Biology & Space Agriculture,Arabidopsis thaliana (Plants),Spaceflight / Space Environment,MISSION ESSENTIAL (Bioregenerative Food & O2 Systems),Artificial Gravity via Centrifugation (0.38g - 1.0g Intermittent),Emerging Evidence,Consistent preliminary data; broader longitudinal validation required for Moon-Mars transit regimes.
178,"Orchestrating rapid long-distance signaling in plants with Ca2+ , ROS, and electrical signals",PMC5677518,https://www.ncbi.nlm.nih.gov/pmc/articles/PMC5677518/,Plant Biology & Space Agriculture,Mus musculus (Rodents),Spaceflight / Space Environment,MISSION ESSENTIAL (Bioregenerative Food & O2 Systems),Tailored LED Light Spectrum (Far-Red/Blue) + Active Aerated Root Substrates,Emerging Evidence,Consistent preliminary data; broader longitudinal validation required for Moon-Mars transit regimes.
179,"Glutamate triggers long-distance, calcium-based plant defense signaling.",PMC11850895,https://www.ncbi.nlm.nih.gov/pmc/articles/PMC11850895/,Plant Biology & Space Agriculture,Arabidopsis thaliana (Plants),Spaceflight / Space Environment,MISSION ESSENTIAL (Bioregenerative Food & O2 Systems),Tailored LED Light Spectrum (Far-Red/Blue) + Active Aerated Root Substrates,Emerging Evidence,Consistent preliminary data; broader longitudinal validation required for Moon-Mars transit regimes.
180,Test of Arabidopsis Space Transcriptome: A discovery environment to explore multiple plant biology spaceflight experiments.,PMC7076552,https://www.ncbi.nlm.nih.gov/pmc/articles/PMC7076552/,Plant Biology & Space Agriculture,Arabidopsis thaliana (Plants),Spaceflight / Space Environment,MISSION ESSENTIAL (Bioregenerative Food & O2 Systems),Tailored LED Light Spectrum (Far-Red/Blue) + Active Aerated Root Substrates,Emerging Evidence,Consistent preliminary data; broader longitudinal validation required for Moon-Mars transit regimes.
181,Tonoplast-localized Ca2+ pumps regulate Ca2+ signals during pattern-triggered immunity in Arabidopsis thaliana.,PMC7414185,https://www.ncbi.nlm.nih.gov/pmc/articles/PMC7414185/,Plant Biology & Space Agriculture,Arabidopsis thaliana (Plants),Spaceflight / Space Environment,MISSION ESSENTIAL (Bioregenerative Food & O2 Systems),Artificial Gravity via Centrifugation (0.38g - 1.0g Intermittent),Emerging Evidence,Consistent preliminary data; broader longitudinal validation required for Moon-Mars transit regimes.
182,The fast and the furious: Rapid long-range signaling in plants.,PMC8133610,https://www.ncbi.nlm.nih.gov/pmc/articles/PMC8133610/,Plant Biology & Space Agriculture,Arabidopsis thaliana (Plants),Spaceflight / Space Environment,MISSION ESSENTIAL (Bioregenerative Food & O2 Systems),Tailored LED Light Spectrum (Far-Red/Blue) + Active Aerated Root Substrates,Emerging Evidence,Consistent preliminary data; broader longitudinal validation required for Moon-Mars transit regimes.
183,Rad-Bio-App: A discovery environment for biologists to explore spaceflight-related radiation exposures,PMC8113475,https://www.ncbi.nlm.nih.gov/pmc/articles/PMC8113475/,Radiation & Deep Space Hazards,Cross-Species / General Model,Spaceflight / Space Environment,CRITICAL (High Priority for Mars Transit & Lunar Surface),Hydrocarbon Polymer/Water Shielding + Radioprotective Bio-agents,Emerging Evidence,Consistent preliminary data; broader longitudinal validation required for Moon-Mars transit regimes.
184,The vacuolar H+/Ca transporter CAX1 participates in submergence and anoxia stress responses.,PMC9706465,https://www.ncbi.nlm.nih.gov/pmc/articles/PMC9706465/,General Space Biology & Life Support,Cross-Species / General Model,Spaceflight / Space Environment,MODERATE (Long-Duration Crew Health Factor),Artificial Gravity via Centrifugation (0.38g - 1.0g Intermittent),Emerging Evidence,Consistent preliminary data; broader longitudinal validation required for Moon-Mars transit regimes.
185,Meta-analysis of the space flight and microgravity response of the Arabidopsis plant transcriptome,PMC10027818,https://www.ncbi.nlm.nih.gov/pmc/articles/PMC10027818/,Plant Biology & Space Agriculture,Arabidopsis thaliana (Plants),Spaceflight / Space Environment,MISSION ESSENTIAL (Bioregenerative Food & O2 Systems),Tailored LED Light Spectrum (Far-Red/Blue) + Active Aerated Root Substrates,Emerging Evidence,Consistent preliminary data; broader longitudinal validation required for Moon-Mars transit regimes.
186,"Low-dose, ionizing radiation and age-related changes in skeletal microarchitecture",PMC3337602,https://www.ncbi.nlm.nih.gov/pmc/articles/PMC3337602/,Musculoskeletal & Bone Loss,Cross-Species / General Model,Spaceflight / Space Environment,CRITICAL (High Priority for Mars Transit & Lunar Surface),Hydrocarbon Polymer/Water Shielding + Radioprotective Bio-agents,Emerging Evidence,Consistent preliminary data; broader longitudinal validation required for Moon-Mars transit regimes.
187,Ionizing Radiation Stimulates Expression of Pro-Osteoclastogenic Genes in Marrow and Skeletal Tissue,PMC4490751,https://www.ncbi.nlm.nih.gov/pmc/articles/PMC4490751/,Musculoskeletal & Bone Loss,Cross-Species / General Model,ISS (International Space Station),CRITICAL (High Priority for Mars Transit & Lunar Surface),Hydrocarbon Polymer/Water Shielding + Radioprotective Bio-agents,Emerging Evidence,Consistent preliminary data; broader longitudinal validation required for Moon-Mars transit regimes.
188,Preservation of Multiple Mammalian Tissues to Maximize Science Return from Ground Based and Spaceflight Experiments,PMC5132293,https://www.ncbi.nlm.nih.gov/pmc/articles/PMC5132293/,General Space Biology & Life Support,Cross-Species / General Model,ISS (International Space Station),MODERATE (Long-Duration Crew Health Factor),Artificial Gravity via Centrifugation (0.38g - 1.0g Intermittent),Emerging Evidence,Consistent preliminary data; broader longitudinal validation required for Moon-Mars transit regimes.
189,Hindlimb Unloading: Rodent Analog for Microgravity,PMC11747068,https://www.ncbi.nlm.nih.gov/pmc/articles/PMC11747068/,General Space Biology & Life Support,Mus musculus (Rodents),Ground Analog (Clinostat / Hindlimb / Bedrest),MODERATE (Long-Duration Crew Health Factor),Artificial Gravity via Centrifugation (0.38g - 1.0g Intermittent),Emerging Evidence,Consistent preliminary data; broader longitudinal validation required for Moon-Mars transit regimes.
190,Redox Signaling and Its Impact on Skeletal and Vascular Responses to Spaceflight,PMC5666834,https://www.ncbi.nlm.nih.gov/pmc/articles/PMC5666834/,Musculoskeletal & Bone Loss,Cross-Species / General Model,Spaceflight / Space Environment,CRITICAL (High Priority for Mars Transit & Lunar Surface),Artificial Gravity via Centrifugation (0.38g - 1.0g Intermittent),Emerging Evidence,Consistent preliminary data; broader longitudinal validation required for Moon-Mars transit regimes.
191,Influence of social isolation during prolonged simulated weightlessness by hindlimb unloading,PMC6753329,https://www.ncbi.nlm.nih.gov/pmc/articles/PMC6753329/,General Space Biology & Life Support,Cross-Species / General Model,Ground Analog (Clinostat / Hindlimb / Bedrest),MODERATE (Long-Duration Crew Health Factor),Artificial Gravity via Centrifugation (0.38g - 1.0g Intermittent),Emerging Evidence,Consistent preliminary data; broader longitudinal validation required for Moon-Mars transit regimes.
192,Validation of a new Rodent experimental System to investigate consequences of Long Duration Space Habitation,PMC7012842,https://www.ncbi.nlm.nih.gov/pmc/articles/PMC7012842/,General Space Biology & Life Support,Mus musculus (Rodents),Spaceflight / Space Environment,MODERATE (Long-Duration Crew Health Factor),Artificial Gravity via Centrifugation (0.38g - 1.0g Intermittent),Emerging Evidence,Consistent preliminary data; broader longitudinal validation required for Moon-Mars transit regimes.
193,Skeletal tissue regulation by catalase over-expression in mitochondria,PMC4405755,https://www.ncbi.nlm.nih.gov/pmc/articles/PMC4405755/,Musculoskeletal & Bone Loss,Cross-Species / General Model,ISS (International Space Station),CRITICAL (High Priority for Mars Transit & Lunar Surface),Artificial Gravity via Centrifugation (0.38g - 1.0g Intermittent),Emerging Evidence,Consistent preliminary data; broader longitudinal validation required for Moon-Mars transit regimes.
194,Overexpression of catalase in mitochondria mitigates changes in hippocampal cytokine expression following simulated microgravity and isolation.,PMC8260663,https://www.ncbi.nlm.nih.gov/pmc/articles/PMC8260663/,Immunology & Infection,Cross-Species / General Model,Ground Analog (Clinostat / Hindlimb / Bedrest),HIGH (Requires Active Countermeasures & Monitoring),Artificial Gravity via Centrifugation (0.38g - 1.0g Intermittent),Emerging Evidence,Consistent preliminary data; broader longitudinal validation required for Moon-Mars transit regimes.
195,An extensive allelic series of Drosophila kae1 mutants reveals diverse and tissue-specific requirements for t6A biogenesis,PMC4647464,https://www.ncbi.nlm.nih.gov/pmc/articles/PMC4647464/,Radiation & Deep Space Hazards,Drosophila melanogaster (Fruit Fly),ISS (International Space Station),CRITICAL (High Priority for Mars Transit & Lunar Surface),Artificial Gravity via Centrifugation (0.38g - 1.0g Intermittent),Emerging Evidence,Consistent preliminary data; broader longitudinal validation required for Moon-Mars transit regimes.
196,Novel Organelles with Elements of Bacterial and Eukaryotic Secretion Systems Weaponize Parasites of Drosophila,PMC5659752,https://www.ncbi.nlm.nih.gov/pmc/articles/PMC5659752/,Microbiology & Biofilms,Drosophila melanogaster (Fruit Fly),Spaceflight / Space Environment,MODERATE (Long-Duration Crew Health Factor),Artificial Gravity via Centrifugation (0.38g - 1.0g Intermittent),Controversial / Active Debate,Conflicting findings reported between flight durations or between in vitro vs in vivo models. Requires targeted flight trials.
197,A combined computational strategy of sequence and structural analysis predicts the existence of a functional eicosanoid pathway in Drosophila melanogaster.,PMC6372189,https://www.ncbi.nlm.nih.gov/pmc/articles/PMC6372189/,"Omics, Mitochondria & Cellular Stress",Mus musculus (Rodents),Spaceflight / Space Environment,MODERATE (Long-Duration Crew Health Factor),Artificial Gravity via Centrifugation (0.38g - 1.0g Intermittent),Emerging Evidence,Consistent preliminary data; broader longitudinal validation required for Moon-Mars transit regimes.
198,Immune suppressive extracellular vesicle proteins of Leptopilina heterotoma are encoded in the wasp genome.,PMC6945029,https://www.ncbi.nlm.nih.gov/pmc/articles/PMC6945029/,Immunology & Infection,In Vitro / Cell Culture / Organoid,Spaceflight / Space Environment,HIGH (Requires Active Countermeasures & Monitoring),"Probiotics, Microbial Air Filtration, Antimicrobial Copper Surfaces",Emerging Evidence,Consistent preliminary data; broader longitudinal validation required for Moon-Mars transit regimes.
199,Spaceflight and simulated microgravity conditions increase virulence of Serratia marcescens in the Drosophila melanogaster infection model.,PMC7000411,https://www.ncbi.nlm.nih.gov/pmc/articles/PMC7000411/,"Omics, Mitochondria & Cellular Stress",Mus musculus (Rodents),Ground Analog (Clinostat / Hindlimb / Bedrest),MODERATE (Long-Duration Crew Health Factor),Artificial Gravity via Centrifugation (0.38g - 1.0g Intermittent),Emerging Evidence,Consistent preliminary data; broader longitudinal validation required for Moon-Mars transit regimes.
200,A parasitoid wasp of Drosophila employs preemptive and reactive strategies to deplete its host's blood cells,PMC8191917,https://www.ncbi.nlm.nih.gov/pmc/articles/PMC8191917/,"Omics, Mitochondria & Cellular Stress",Mus musculus (Rodents),Spaceflight / Space Environment,MODERATE (Long-Duration Crew Health Factor),Artificial Gravity via Centrifugation (0.38g - 1.0g Intermittent),Emerging Evidence,Consistent preliminary data; broader longitudinal validation required for Moon-Mars transit regimes.
201,In Silico Analysis of a Drosophila Parasitoid Venom Peptide Reveals Prevalence of the Cation‚ÄìPolar‚ÄìCation Clip Motif in Knottin Proteins,PMC9865768,https://www.ncbi.nlm.nih.gov/pmc/articles/PMC9865768/,"Omics, Mitochondria & Cellular Stress",Drosophila melanogaster (Fruit Fly),Spaceflight / Space Environment,MODERATE (Long-Duration Crew Health Factor),Artificial Gravity via Centrifugation (0.38g - 1.0g Intermittent),Emerging Evidence,Consistent preliminary data; broader longitudinal validation required for Moon-Mars transit regimes.
202,Drosophila parasitoids go to space: Unexpected effects of spaceflight on hosts and their parasitoids.,PMC10797188,https://www.ncbi.nlm.nih.gov/pmc/articles/PMC10797188/,"Omics, Mitochondria & Cellular Stress",Drosophila melanogaster (Fruit Fly),Spaceflight / Space Environment,MODERATE (Long-Duration Crew Health Factor),Artificial Gravity via Centrifugation (0.38g - 1.0g Intermittent),Emerging Evidence,Consistent preliminary data; broader longitudinal validation required for Moon-Mars transit regimes.
203,Drosophila parasitoids go to space: Unexpected effects of spaceflight on hosts and their parasitoids,PMC10797188,https://www.ncbi.nlm.nih.gov/pmc/articles/PMC10797188/,"Omics, Mitochondria & Cellular Stress",Drosophila melanogaster (Fruit Fly),Spaceflight / Space Environment,MODERATE (Long-Duration Crew Health Factor),Artificial Gravity via Centrifugation (0.38g - 1.0g Intermittent),Emerging Evidence,Consistent preliminary data; broader longitudinal validation required for Moon-Mars transit regimes.
204,Simultaneous exposure of cultured human lymphoblastic cells to simulated microgravity and radiation increases chromosome aberrations,PMC7555395,https://www.ncbi.nlm.nih.gov/pmc/articles/PMC7555395/,Radiation & Deep Space Hazards,Mus musculus (Rodents),Ground Analog (Clinostat / Hindlimb / Bedrest),CRITICAL (High Priority for Mars Transit & Lunar Surface),Hydrocarbon Polymer/Water Shielding + Radioprotective Bio-agents,Emerging Evidence,Consistent preliminary data; broader longitudinal validation required for Moon-Mars transit regimes.
205,Genes required for survival in microgravity revealed by genome-wide yeast deletion collections cultured during spaceflight.,PMC4309212,https://www.ncbi.nlm.nih.gov/pmc/articles/PMC4309212/,Microbiology & Biofilms,Microbial / Microorganisms,Spaceflight / Space Environment,MODERATE (Long-Duration Crew Health Factor),Artificial Gravity via Centrifugation (0.38g - 1.0g Intermittent),Emerging Evidence,Consistent preliminary data; broader longitudinal validation required for Moon-Mars transit regimes.
206,Physical Forces Modulate Oxidative Status and Stress Defense Meditated Metabolic Adaptation of Yeast Colonies: Spaceflight and Microgravity Simulations,PMC6560652,https://www.ncbi.nlm.nih.gov/pmc/articles/PMC6560652/,Microbiology & Biofilms,Microbial / Microorganisms,Spaceflight / Space Environment,MODERATE (Long-Duration Crew Health Factor),Artificial Gravity via Centrifugation (0.38g - 1.0g Intermittent),Emerging Evidence,Consistent preliminary data; broader longitudinal validation required for Moon-Mars transit regimes.
207,Effects of space flight on mouse liver versus kidney: Gene pathway analyses.,PMC6321533,https://www.ncbi.nlm.nih.gov/pmc/articles/PMC6321533/,General Space Biology & Life Support,Mus musculus (Rodents),Spaceflight / Space Environment,MODERATE (Long-Duration Crew Health Factor),Artificial Gravity via Centrifugation (0.38g - 1.0g Intermittent),Emerging Evidence,Consistent preliminary data; broader longitudinal validation required for Moon-Mars transit regimes.
208,Yeast in Space,PMC12040010,https://www.ncbi.nlm.nih.gov/pmc/articles/PMC12040010/,Microbiology & Biofilms,Microbial / Microorganisms,Spaceflight / Space Environment,MODERATE (Long-Duration Crew Health Factor),Artificial Gravity via Centrifugation (0.38g - 1.0g Intermittent),Emerging Evidence,Consistent preliminary data; broader longitudinal validation required for Moon-Mars transit regimes.
209,Endocrine Effects of Space Flight,PMC11833055,https://www.ncbi.nlm.nih.gov/pmc/articles/PMC11833055/,General Space Biology & Life Support,Cross-Species / General Model,Spaceflight / Space Environment,MODERATE (Long-Duration Crew Health Factor),Artificial Gravity via Centrifugation (0.38g - 1.0g Intermittent),Emerging Evidence,Consistent preliminary data; broader longitudinal validation required for Moon-Mars transit regimes.
210,Role of shear stress on renal proximal tubular cells for nephrotoxicity assays,PMC9146534,https://www.ncbi.nlm.nih.gov/pmc/articles/PMC9146534/,General Space Biology & Life Support,In Vitro / Cell Culture / Organoid,Spaceflight / Space Environment,MODERATE (Long-Duration Crew Health Factor),Artificial Gravity via Centrifugation (0.38g - 1.0g Intermittent),Emerging Evidence,Consistent preliminary data; broader longitudinal validation required for Moon-Mars transit regimes.
211,Bone hemodynamic responses to changes in external pressure.,PMC11492218,https://www.ncbi.nlm.nih.gov/pmc/articles/PMC11492218/,Musculoskeletal & Bone Loss,Cross-Species / General Model,Spaceflight / Space Environment,CRITICAL (High Priority for Mars Transit & Lunar Surface),Nutritional Vitamin D/Calcium + Axial Loading Compression Suit,Emerging Evidence,Consistent preliminary data; broader longitudinal validation required for Moon-Mars transit regimes.
212,Back pain in space and post-flight spine injury: Mechanisms and countermeasure development,PMC6339989,https://www.ncbi.nlm.nih.gov/pmc/articles/PMC6339989/,Reproductive & Developmental Biology,Cross-Species / General Model,Spaceflight / Space Environment,MODERATE (Long-Duration Crew Health Factor),Artificial Gravity via Centrifugation (0.38g - 1.0g Intermittent),Emerging Evidence,Consistent preliminary data; broader longitudinal validation required for Moon-Mars transit regimes.
213,Fifteen days of microgravity causes growth in calvaria of mice,PMC4110898,https://www.ncbi.nlm.nih.gov/pmc/articles/PMC4110898/,Musculoskeletal & Bone Loss,Mus musculus (Rodents),Spaceflight / Space Environment,CRITICAL (High Priority for Mars Transit & Lunar Surface),Artificial Gravity via Centrifugation (0.38g - 1.0g Intermittent),High Consensus,"Reproduced across independent missions (ISS, Shuttle, Bion-M1). Clear pathological mechanism documented."
214,Altered disc compression in children with idiopathic low back pain: an upright magnetic resonance imaging backpack study,PMC3947616,https://www.ncbi.nlm.nih.gov/pmc/articles/PMC3947616/,General Space Biology & Life Support,Cross-Species / General Model,Spaceflight / Space Environment,MODERATE (Long-Duration Crew Health Factor),Artificial Gravity via Centrifugation (0.38g - 1.0g Intermittent),Emerging Evidence,Consistent preliminary data; broader longitudinal validation required for Moon-Mars transit regimes.
215,Spaceflight-induced bone loss alters failure mode and reduces bending strength in murine spinal segments.,PMC5477841,https://www.ncbi.nlm.nih.gov/pmc/articles/PMC5477841/,Musculoskeletal & Bone Loss,Mus musculus (Rodents),Spaceflight / Space Environment,CRITICAL (High Priority for Mars Transit & Lunar Surface),Nutritional Vitamin D/Calcium + Axial Loading Compression Suit,High Consensus,"Reproduced across independent missions (ISS, Shuttle, Bion-M1). Clear pathological mechanism documented."
216,Spaceflight-associated vascular remodeling and gene expression in mouse calvaria.,PMC9139491,https://www.ncbi.nlm.nih.gov/pmc/articles/PMC9139491/,Musculoskeletal & Bone Loss,Mus musculus (Rodents),Spaceflight / Space Environment,CRITICAL (High Priority for Mars Transit & Lunar Surface),Artificial Gravity via Centrifugation (0.38g - 1.0g Intermittent),Emerging Evidence,Consistent preliminary data; broader longitudinal validation required for Moon-Mars transit regimes.
217,"Exposure of Mycobacterium marinum to low-shear modeled microgravity: Effect on growth, the transcriptome and survival under stress.",PMC5515531,https://www.ncbi.nlm.nih.gov/pmc/articles/PMC5515531/,"Omics, Mitochondria & Cellular Stress",Cross-Species / General Model,Spaceflight / Space Environment,MODERATE (Long-Duration Crew Health Factor),Artificial Gravity via Centrifugation (0.38g - 1.0g Intermittent),Emerging Evidence,Consistent preliminary data; broader longitudinal validation required for Moon-Mars transit regimes.
218,Effects of mechanostimulation on gravitropism and signal persistence in flax roots.,PMC3258067,https://www.ncbi.nlm.nih.gov/pmc/articles/PMC3258067/,Plant Biology & Space Agriculture,Arabidopsis thaliana (Plants),Spaceflight / Space Environment,MISSION ESSENTIAL (Bioregenerative Food & O2 Systems),Artificial Gravity via Centrifugation (0.38g - 1.0g Intermittent),Emerging Evidence,Consistent preliminary data; broader longitudinal validation required for Moon-Mars transit regimes.
219,Oxygen dependency of germinating Brassica seeds.,PMC10025027,https://www.ncbi.nlm.nih.gov/pmc/articles/PMC10025027/,General Space Biology & Life Support,Cross-Species / General Model,Spaceflight / Space Environment,MODERATE (Long-Duration Crew Health Factor),Artificial Gravity via Centrifugation (0.38g - 1.0g Intermittent),Emerging Evidence,Consistent preliminary data; broader longitudinal validation required for Moon-Mars transit regimes.
220,"Desiccation mitigates heat stress in the resurrection fern, Pleopeltis polypodioides",PMC7733933,https://www.ncbi.nlm.nih.gov/pmc/articles/PMC7733933/,General Space Biology & Life Support,Cross-Species / General Model,Spaceflight / Space Environment,MODERATE (Long-Duration Crew Health Factor),Artificial Gravity via Centrifugation (0.38g - 1.0g Intermittent),Emerging Evidence,Consistent preliminary data; broader longitudinal validation required for Moon-Mars transit regimes.
221,Transcription profile of auxin related genes during positively gravitropic hypocotyl curvature of Brassica rapa.,PMC9105288,https://www.ncbi.nlm.nih.gov/pmc/articles/PMC9105288/,General Space Biology & Life Support,Cross-Species / General Model,Spaceflight / Space Environment,MODERATE (Long-Duration Crew Health Factor),Artificial Gravity via Centrifugation (0.38g - 1.0g Intermittent),Emerging Evidence,Consistent preliminary data; broader longitudinal validation required for Moon-Mars transit regimes.
222,High-gradient magnetic fields and starch metabolism: Results from a space experiment.,PMC9617909,https://www.ncbi.nlm.nih.gov/pmc/articles/PMC9617909/,General Space Biology & Life Support,Cross-Species / General Model,Spaceflight / Space Environment,MODERATE (Long-Duration Crew Health Factor),Artificial Gravity via Centrifugation (0.38g - 1.0g Intermittent),Emerging Evidence,Consistent preliminary data; broader longitudinal validation required for Moon-Mars transit regimes.
223,Lipid rafts and plant gravisensitivity.,PMC9695138,https://www.ncbi.nlm.nih.gov/pmc/articles/PMC9695138/,Plant Biology & Space Agriculture,Arabidopsis thaliana (Plants),Spaceflight / Space Environment,MISSION ESSENTIAL (Bioregenerative Food & O2 Systems),Tailored LED Light Spectrum (Far-Red/Blue) + Active Aerated Root Substrates,Emerging Evidence,Consistent preliminary data; broader longitudinal validation required for Moon-Mars transit regimes.
224,Expression and characterization of the bacterial mechanosensitive channel MscS in Xenopus laevis oocytes,PMC3503204,https://www.ncbi.nlm.nih.gov/pmc/articles/PMC3503204/,Microbiology & Biofilms,Microbial / Microorganisms,Spaceflight / Space Environment,MODERATE (Long-Duration Crew Health Factor),Artificial Gravity via Centrifugation (0.38g - 1.0g Intermittent),Emerging Evidence,Consistent preliminary data; broader longitudinal validation required for Moon-Mars transit regimes.
225,United in Diversity: Mechanosensitive Ion Channels in Plants,PMC5896955,https://www.ncbi.nlm.nih.gov/pmc/articles/PMC5896955/,Plant Biology & Space Agriculture,Arabidopsis thaliana (Plants),Spaceflight / Space Environment,MISSION ESSENTIAL (Bioregenerative Food & O2 Systems),Tailored LED Light Spectrum (Far-Red/Blue) + Active Aerated Root Substrates,Emerging Evidence,Consistent preliminary data; broader longitudinal validation required for Moon-Mars transit regimes.
226,Expressing and Characterizing Mechanosensitive Channels in Xenopus Oocytes,PMC4469364,https://www.ncbi.nlm.nih.gov/pmc/articles/PMC4469364/,Reproductive & Developmental Biology,Cross-Species / General Model,Spaceflight / Space Environment,MODERATE (Long-Duration Crew Health Factor),Artificial Gravity via Centrifugation (0.38g - 1.0g Intermittent),Emerging Evidence,Consistent preliminary data; broader longitudinal validation required for Moon-Mars transit regimes.
227,The ongoing search for the molecular basis of plant osmosensing,PMC4411250,https://www.ncbi.nlm.nih.gov/pmc/articles/PMC4411250/,Plant Biology & Space Agriculture,Arabidopsis thaliana (Plants),Spaceflight / Space Environment,MISSION ESSENTIAL (Bioregenerative Food & O2 Systems),Tailored LED Light Spectrum (Far-Red/Blue) + Active Aerated Root Substrates,Emerging Evidence,Consistent preliminary data; broader longitudinal validation required for Moon-Mars transit regimes.
228,Plastid osmotic stress influences cell differentiation at the plant shoot apex.,PMC5047659,https://www.ncbi.nlm.nih.gov/pmc/articles/PMC5047659/,Plant Biology & Space Agriculture,Arabidopsis thaliana (Plants),Spaceflight / Space Environment,MISSION ESSENTIAL (Bioregenerative Food & O2 Systems),Tailored LED Light Spectrum (Far-Red/Blue) + Active Aerated Root Substrates,Emerging Evidence,Consistent preliminary data; broader longitudinal validation required for Moon-Mars transit regimes.
229,Spaceflight-induced synaptic modifications within hair cells of the mammalian utricle.,PMC5454470,https://www.ncbi.nlm.nih.gov/pmc/articles/PMC5454470/,General Space Biology & Life Support,In Vitro / Cell Culture / Organoid,Spaceflight / Space Environment,MODERATE (Long-Duration Crew Health Factor),Artificial Gravity via Centrifugation (0.38g - 1.0g Intermittent),Emerging Evidence,Consistent preliminary data; broader longitudinal validation required for Moon-Mars transit regimes.
230,Effects of angular frequency during clinorotation on mesenchymal stem cell morphology and migration,PMC5515506,https://www.ncbi.nlm.nih.gov/pmc/articles/PMC5515506/,General Space Biology & Life Support,Mus musculus (Rodents),Spaceflight / Space Environment,MODERATE (Long-Duration Crew Health Factor),Artificial Gravity via Centrifugation (0.38g - 1.0g Intermittent),Emerging Evidence,Consistent preliminary data; broader longitudinal validation required for Moon-Mars transit regimes.
231,"The role of FGF-2 and BMP-2 in regulation of gene induction, cell proliferation and mineralization.",PMC3044105,https://www.ncbi.nlm.nih.gov/pmc/articles/PMC3044105/,General Space Biology & Life Support,Mus musculus (Rodents),Spaceflight / Space Environment,MODERATE (Long-Duration Crew Health Factor),Artificial Gravity via Centrifugation (0.38g - 1.0g Intermittent),Emerging Evidence,Consistent preliminary data; broader longitudinal validation required for Moon-Mars transit regimes.
232,"Nutritional supplements, COX-2 and IGF-1 expression in men on active surveillance for prostate cancer.",PMC3002170,https://www.ncbi.nlm.nih.gov/pmc/articles/PMC3002170/,"Omics, Mitochondria & Cellular Stress",Cross-Species / General Model,Spaceflight / Space Environment,MODERATE (Long-Duration Crew Health Factor),Artificial Gravity via Centrifugation (0.38g - 1.0g Intermittent),Emerging Evidence,Consistent preliminary data; broader longitudinal validation required for Moon-Mars transit regimes.
233,To Infinity and Beyond! Human spaceflight and life science.,PMC6188462,https://www.ncbi.nlm.nih.gov/pmc/articles/PMC6188462/,General Space Biology & Life Support,Homo sapiens (Humans),Spaceflight / Space Environment,MODERATE (Long-Duration Crew Health Factor),Artificial Gravity via Centrifugation (0.38g - 1.0g Intermittent),Emerging Evidence,Consistent preliminary data; broader longitudinal validation required for Moon-Mars transit regimes.
234,Hyperoxia inhibits T cell activation in mice,PMC11470607,https://www.ncbi.nlm.nih.gov/pmc/articles/PMC11470607/,Immunology & Infection,Mus musculus (Rodents),Spaceflight / Space Environment,HIGH (Requires Active Countermeasures & Monitoring),Artificial Gravity via Centrifugation (0.38g - 1.0g Intermittent),Emerging Evidence,Consistent preliminary data; broader longitudinal validation required for Moon-Mars transit regimes.
235,"Effects of gravitational mechanical unloading in endothelial cells: association between caveolins, inflammation and adhesion molecules",PMC3603133,https://www.ncbi.nlm.nih.gov/pmc/articles/PMC3603133/,Cardiovascular & Fluid Shifts,In Vitro / Cell Culture / Organoid,Ground Analog (Clinostat / Hindlimb / Bedrest),HIGH (Requires Active Countermeasures & Monitoring),Artificial Gravity via Centrifugation (0.38g - 1.0g Intermittent),Emerging Evidence,Consistent preliminary data; broader longitudinal validation required for Moon-Mars transit regimes.
236,n-3 Polyunsaturated fatty acids supplementation in peripheral artery disease: the OMEGA-PAD trial,PMC6462350,https://www.ncbi.nlm.nih.gov/pmc/articles/PMC6462350/,Cardiovascular & Fluid Shifts,Mus musculus (Rodents),Spaceflight / Space Environment,HIGH (Requires Active Countermeasures & Monitoring),Artificial Gravity via Centrifugation (0.38g - 1.0g Intermittent),Emerging Evidence,Consistent preliminary data; broader longitudinal validation required for Moon-Mars transit regimes.
237,Molecular mechanisms underlying the enhanced functions of three-dimensional hepatocyte aggregates,PMC4012541,https://www.ncbi.nlm.nih.gov/pmc/articles/PMC4012541/,General Space Biology & Life Support,Cross-Species / General Model,Spaceflight / Space Environment,MODERATE (Long-Duration Crew Health Factor),Artificial Gravity via Centrifugation (0.38g - 1.0g Intermittent),Emerging Evidence,Consistent preliminary data; broader longitudinal validation required for Moon-Mars transit regimes.
238,Spaceflight alters expression of microRNA during T-cell activation,PMC4653058,https://www.ncbi.nlm.nih.gov/pmc/articles/PMC4653058/,"Omics, Mitochondria & Cellular Stress",In Vitro / Cell Culture / Organoid,Spaceflight / Space Environment,MODERATE (Long-Duration Crew Health Factor),Artificial Gravity via Centrifugation (0.38g - 1.0g Intermittent),Emerging Evidence,Consistent preliminary data; broader longitudinal validation required for Moon-Mars transit regimes.
239,Spaceflight impairs antigen-specific tolerance induction in vivo and increases inflammatory cytokines.,PMC6137544,https://www.ncbi.nlm.nih.gov/pmc/articles/PMC6137544/,Radiation & Deep Space Hazards,Cross-Species / General Model,Spaceflight / Space Environment,CRITICAL (High Priority for Mars Transit & Lunar Surface),Artificial Gravity via Centrifugation (0.38g - 1.0g Intermittent),High Consensus,"Reproduced across independent missions (ISS, Shuttle, Bion-M1). Clear pathological mechanism documented."
240,"From cellular mechanotransduction to biologically inspired engineering: 2009 Pritzker Award Lecture, BMES Annual Meeting October 10, 2009.",PMC2913424,https://www.ncbi.nlm.nih.gov/pmc/articles/PMC2913424/,General Space Biology & Life Support,In Vitro / Cell Culture / Organoid,Spaceflight / Space Environment,MODERATE (Long-Duration Crew Health Factor),Artificial Gravity via Centrifugation (0.38g - 1.0g Intermittent),Emerging Evidence,Consistent preliminary data; broader longitudinal validation required for Moon-Mars transit regimes.
241,Crewmember microbiome may influence microbial composition of ISS habitable surfaces,PMC7190111,https://www.ncbi.nlm.nih.gov/pmc/articles/PMC7190111/,Microbiology & Biofilms,Homo sapiens (Humans),ISS (International Space Station),MODERATE (Long-Duration Crew Health Factor),"Probiotics, Microbial Air Filtration, Antimicrobial Copper Surfaces",Emerging Evidence,Consistent preliminary data; broader longitudinal validation required for Moon-Mars transit regimes.
242,Sierra Nevada sweep: Metagenomic measurements of bioaerosols vertically distributed across the troposphere.,PMC7382458,https://www.ncbi.nlm.nih.gov/pmc/articles/PMC7382458/,"Omics, Mitochondria & Cellular Stress",Cross-Species / General Model,Spaceflight / Space Environment,MODERATE (Long-Duration Crew Health Factor),Artificial Gravity via Centrifugation (0.38g - 1.0g Intermittent),Emerging Evidence,Consistent preliminary data; broader longitudinal validation required for Moon-Mars transit regimes.
243,Draft Genome Sequences of Fungi Isolated from the International Space Station during the Microbial Tracking-2 Experiment,PMC8444978,https://www.ncbi.nlm.nih.gov/pmc/articles/PMC8444978/,Microbiology & Biofilms,Cross-Species / General Model,ISS (International Space Station),MODERATE (Long-Duration Crew Health Factor),"Probiotics, Microbial Air Filtration, Antimicrobial Copper Surfaces",Emerging Evidence,Consistent preliminary data; broader longitudinal validation required for Moon-Mars transit regimes.
244,"Microbial tracking-2, a metagenomics analysis of bacteria and fungi onboard the International Space Station.",PMC9241228,https://www.ncbi.nlm.nih.gov/pmc/articles/PMC9241228/,Microbiology & Biofilms,Microbial / Microorganisms,ISS (International Space Station),MODERATE (Long-Duration Crew Health Factor),"Probiotics, Microbial Air Filtration, Antimicrobial Copper Surfaces",Emerging Evidence,Consistent preliminary data; broader longitudinal validation required for Moon-Mars transit regimes.
245,Detection of Target Genes for Drug Repurposing to Treat Skeletal Muscle Atrophy in Mice Flown in Spaceflight,PMC8953707,https://www.ncbi.nlm.nih.gov/pmc/articles/PMC8953707/,Musculoskeletal & Bone Loss,Mus musculus (Rodents),Spaceflight / Space Environment,CRITICAL (High Priority for Mars Transit & Lunar Surface),Nutritional Vitamin D/Calcium + Axial Loading Compression Suit,High Consensus,"Reproduced across independent missions (ISS, Shuttle, Bion-M1). Clear pathological mechanism documented."
246,Release of CD36-associated cell-free mitochondrial DNA and RNA as a hallmark of space environment response,PMC11166646,https://www.ncbi.nlm.nih.gov/pmc/articles/PMC11166646/,"Omics, Mitochondria & Cellular Stress",In Vitro / Cell Culture / Organoid,Spaceflight / Space Environment,MODERATE (Long-Duration Crew Health Factor),Artificial Gravity via Centrifugation (0.38g - 1.0g Intermittent),Emerging Evidence,Consistent preliminary data; broader longitudinal validation required for Moon-Mars transit regimes.
247,Increasing the number of unloading/reambulation cycles does not adversely impac body composition and lumbar bone mineral density but reduces tissue sensitivity,PMC3747666,https://www.ncbi.nlm.nih.gov/pmc/articles/PMC3747666/,Musculoskeletal & Bone Loss,Cross-Species / General Model,ISS (International Space Station),CRITICAL (High Priority for Mars Transit & Lunar Surface),Nutritional Vitamin D/Calcium + Axial Loading Compression Suit,High Consensus,"Reproduced across independent missions (ISS, Shuttle, Bion-M1). Clear pathological mechanism documented."
248,Bone shaft bending strength index is unaffected by exercise and unloading in mice,PMC4337661,https://www.ncbi.nlm.nih.gov/pmc/articles/PMC4337661/,Musculoskeletal & Bone Loss,Mus musculus (Rodents),Ground Analog (Clinostat / Hindlimb / Bedrest),CRITICAL (High Priority for Mars Transit & Lunar Surface),Resistive & High-Intensity Interval Exercise (ARED/T2),Emerging Evidence,Consistent preliminary data; broader longitudinal validation required for Moon-Mars transit regimes.
249,Focal enhancement of the skeleton to exercise correlates to mesenchymal stem cell responsivity rather than peak external forces.,PMC4631774,https://www.ncbi.nlm.nih.gov/pmc/articles/PMC4631774/,General Space Biology & Life Support,Mus musculus (Rodents),Spaceflight / Space Environment,MODERATE (Long-Duration Crew Health Factor),Artificial Gravity via Centrifugation (0.38g - 1.0g Intermittent),Emerging Evidence,Consistent preliminary data; broader longitudinal validation required for Moon-Mars transit regimes.
250,"Cytoskeletal configuration modulates mechanically induced changes in mesenchymal stem cell osteogenesis, morphology, and stiffness.",PMC5052530,https://www.ncbi.nlm.nih.gov/pmc/articles/PMC5052530/,Musculoskeletal & Bone Loss,Mus musculus (Rodents),Spaceflight / Space Environment,CRITICAL (High Priority for Mars Transit & Lunar Surface),Artificial Gravity via Centrifugation (0.38g - 1.0g Intermittent),Emerging Evidence,Consistent preliminary data; broader longitudinal validation required for Moon-Mars transit regimes.
251,Genetic and tissue level muscle-bone interactions during unloading and reambulation.,PMC5114340,https://www.ncbi.nlm.nih.gov/pmc/articles/PMC5114340/,Musculoskeletal & Bone Loss,Cross-Species / General Model,ISS (International Space Station),CRITICAL (High Priority for Mars Transit & Lunar Surface),Nutritional Vitamin D/Calcium + Axial Loading Compression Suit,Emerging Evidence,Consistent preliminary data; broader longitudinal validation required for Moon-Mars transit regimes.
252,Osteocyte apoptosis caused by hindlimb unloading is required to trigger osteocyte RANKL production and subsequent resorption of cortical and trabecular bone in mice femurs.,PMC5488280,https://www.ncbi.nlm.nih.gov/pmc/articles/PMC5488280/,Musculoskeletal & Bone Loss,Mus musculus (Rodents),Ground Analog (Clinostat / Hindlimb / Bedrest),CRITICAL (High Priority for Mars Transit & Lunar Surface),Nutritional Vitamin D/Calcium + Axial Loading Compression Suit,Emerging Evidence,Consistent preliminary data; broader longitudinal validation required for Moon-Mars transit regimes.
253,Differential Single Cell Responses of Embryonic Stem Cells Versus Embryoid Bodies to Gravity Mechanostimulation,PMC9293686,https://www.ncbi.nlm.nih.gov/pmc/articles/PMC9293686/,Reproductive & Developmental Biology,In Vitro / Cell Culture / Organoid,Spaceflight / Space Environment,MODERATE (Long-Duration Crew Health Factor),Artificial Gravity via Centrifugation (0.38g - 1.0g Intermittent),Controversial / Active Debate,Conflicting findings reported between flight durations or between in vitro vs in vivo models. Requires targeted flight trials.
254,Macrophages inhibit Aspergillus fumigatus germination and neutrophil-mediated fungal killing.,PMC6091969,https://www.ncbi.nlm.nih.gov/pmc/articles/PMC6091969/,Radiation & Deep Space Hazards,Arabidopsis thaliana (Plants),Spaceflight / Space Environment,CRITICAL (High Priority for Mars Transit & Lunar Surface),Artificial Gravity via Centrifugation (0.38g - 1.0g Intermittent),Emerging Evidence,Consistent preliminary data; broader longitudinal validation required for Moon-Mars transit regimes.
255,Contributions of spore secondary metabolites to UV-C protection and virulence vary in different Aspergillus fumigatus strains,PMC7029147,https://www.ncbi.nlm.nih.gov/pmc/articles/PMC7029147/,Radiation & Deep Space Hazards,Cross-Species / General Model,Spaceflight / Space Environment,CRITICAL (High Priority for Mars Transit & Lunar Surface),Artificial Gravity via Centrifugation (0.38g - 1.0g Intermittent),Emerging Evidence,Consistent preliminary data; broader longitudinal validation required for Moon-Mars transit regimes.
256,Regulation of hemocytes in Drosophila requires dappled cytochrome b5.,PMC3092937,https://www.ncbi.nlm.nih.gov/pmc/articles/PMC3092937/,"Omics, Mitochondria & Cellular Stress",Drosophila melanogaster (Fruit Fly),Spaceflight / Space Environment,MODERATE (Long-Duration Crew Health Factor),Artificial Gravity via Centrifugation (0.38g - 1.0g Intermittent),Emerging Evidence,Consistent preliminary data; broader longitudinal validation required for Moon-Mars transit regimes.
257,A novel phototropic response to red light is revealed in microgravity.,PMC5748516,https://www.ncbi.nlm.nih.gov/pmc/articles/PMC5748516/,General Space Biology & Life Support,Cross-Species / General Model,Spaceflight / Space Environment,MODERATE (Long-Duration Crew Health Factor),Artificial Gravity via Centrifugation (0.38g - 1.0g Intermittent),Controversial / Active Debate,Conflicting findings reported between flight durations or between in vitro vs in vivo models. Requires targeted flight trials.
258,Plant cell proliferation and growth are altered by microgravity conditions in spaceflight.,PMC9287483,https://www.ncbi.nlm.nih.gov/pmc/articles/PMC9287483/,Plant Biology & Space Agriculture,Mus musculus (Rodents),Spaceflight / Space Environment,MISSION ESSENTIAL (Bioregenerative Food & O2 Systems),Tailored LED Light Spectrum (Far-Red/Blue) + Active Aerated Root Substrates,Emerging Evidence,Consistent preliminary data; broader longitudinal validation required for Moon-Mars transit regimes.
259,Phototropism of Arabidopsis thaliana in microgravity and fractional gravity on the International Space Station.,PMC5748516,https://www.ncbi.nlm.nih.gov/pmc/articles/PMC5748516/,Plant Biology & Space Agriculture,Arabidopsis thaliana (Plants),ISS (International Space Station),MISSION ESSENTIAL (Bioregenerative Food & O2 Systems),Artificial Gravity via Centrifugation (0.38g - 1.0g Intermittent),Emerging Evidence,Consistent preliminary data; broader longitudinal validation required for Moon-Mars transit regimes.
260,Light and gravity signals synergize in modulating plant development,PMC4211383,https://www.ncbi.nlm.nih.gov/pmc/articles/PMC4211383/,Plant Biology & Space Agriculture,Arabidopsis thaliana (Plants),Spaceflight / Space Environment,MISSION ESSENTIAL (Bioregenerative Food & O2 Systems),Tailored LED Light Spectrum (Far-Red/Blue) + Active Aerated Root Substrates,Emerging Evidence,Consistent preliminary data; broader longitudinal validation required for Moon-Mars transit regimes.
261,A novel blue-light phototropic response is revealed in roots of Arabidopsis thaliana in microgravity.,PMC5748516,https://www.ncbi.nlm.nih.gov/pmc/articles/PMC5748516/,Plant Biology & Space Agriculture,Arabidopsis thaliana (Plants),Spaceflight / Space Environment,MISSION ESSENTIAL (Bioregenerative Food & O2 Systems),Artificial Gravity via Centrifugation (0.38g - 1.0g Intermittent),Controversial / Active Debate,Conflicting findings reported between flight durations or between in vitro vs in vivo models. Requires targeted flight trials.
262,Comparative transcriptomics indicate changes in cell wall organization and stress response in seedlings during spaceflight,PMC5821596,https://www.ncbi.nlm.nih.gov/pmc/articles/PMC5821596/,Plant Biology & Space Agriculture,Mus musculus (Rodents),Spaceflight / Space Environment,MISSION ESSENTIAL (Bioregenerative Food & O2 Systems),Artificial Gravity via Centrifugation (0.38g - 1.0g Intermittent),Emerging Evidence,Consistent preliminary data; broader longitudinal validation required for Moon-Mars transit regimes.
263,RNAseq analysis of the response of Arabidopsis thaliana to fractional gravity under blue-light stimulation during spaceflight,PMC6889863,https://www.ncbi.nlm.nih.gov/pmc/articles/PMC6889863/,Plant Biology & Space Agriculture,Arabidopsis thaliana (Plants),Spaceflight / Space Environment,MISSION ESSENTIAL (Bioregenerative Food & O2 Systems),Artificial Gravity via Centrifugation (0.38g - 1.0g Intermittent),Emerging Evidence,Consistent preliminary data; broader longitudinal validation required for Moon-Mars transit regimes.
264,Comparison of Microgravity Analogs to Spaceflight in Studies of Plant Growth and Development,PMC6908503,https://www.ncbi.nlm.nih.gov/pmc/articles/PMC6908503/,Plant Biology & Space Agriculture,Arabidopsis thaliana (Plants),Spaceflight / Space Environment,MISSION ESSENTIAL (Bioregenerative Food & O2 Systems),Tailored LED Light Spectrum (Far-Red/Blue) + Active Aerated Root Substrates,Emerging Evidence,Consistent preliminary data; broader longitudinal validation required for Moon-Mars transit regimes.
265,The importance of Earth reference controls in spaceflight-omics research: Characterization of nucleolin mutants from the Seedling Growth experiments,PMC7607443,https://www.ncbi.nlm.nih.gov/pmc/articles/PMC7607443/,Plant Biology & Space Agriculture,Arabidopsis thaliana (Plants),Spaceflight / Space Environment,MISSION ESSENTIAL (Bioregenerative Food & O2 Systems),Artificial Gravity via Centrifugation (0.38g - 1.0g Intermittent),Emerging Evidence,Consistent preliminary data; broader longitudinal validation required for Moon-Mars transit regimes.
266,Conducting plant experiments in space and on the Moon,PMC10764921,https://www.ncbi.nlm.nih.gov/pmc/articles/PMC10764921/,Plant Biology & Space Agriculture,Arabidopsis thaliana (Plants),Spaceflight / Space Environment,MISSION ESSENTIAL (Bioregenerative Food & O2 Systems),Tailored LED Light Spectrum (Far-Red/Blue) + Active Aerated Root Substrates,Emerging Evidence,Consistent preliminary data; broader longitudinal validation required for Moon-Mars transit regimes.
267,Red light enhances plant adaptation to spaceflight and Mars g-levels.,PMC9605285,https://www.ncbi.nlm.nih.gov/pmc/articles/PMC9605285/,Plant Biology & Space Agriculture,Arabidopsis thaliana (Plants),Spaceflight / Space Environment,MISSION ESSENTIAL (Bioregenerative Food & O2 Systems),Tailored LED Light Spectrum (Far-Red/Blue) + Active Aerated Root Substrates,Emerging Evidence,Consistent preliminary data; broader longitudinal validation required for Moon-Mars transit regimes.
268,EUK-134 ameliorates nNOS¬µ translocation and skeletal muscle fiber atrophy during short-term mechanical unloading.,PMC3962621,https://www.ncbi.nlm.nih.gov/pmc/articles/PMC3962621/,Musculoskeletal & Bone Loss,Mus musculus (Rodents),Ground Analog (Clinostat / Hindlimb / Bedrest),CRITICAL (High Priority for Mars Transit & Lunar Surface),Nutritional Vitamin D/Calcium + Axial Loading Compression Suit,High Consensus,"Reproduced across independent missions (ISS, Shuttle, Bion-M1). Clear pathological mechanism documented."
269,MnSOD Overexpression Reduces Fibrosis and Pro-Apoptotic Signaling in the Aging Mouse Heart,PMC4462657,https://www.ncbi.nlm.nih.gov/pmc/articles/PMC4462657/,Cardiovascular & Fluid Shifts,Mus musculus (Rodents),Spaceflight / Space Environment,HIGH (Requires Active Countermeasures & Monitoring),Artificial Gravity via Centrifugation (0.38g - 1.0g Intermittent),High Consensus,"Reproduced across independent missions (ISS, Shuttle, Bion-M1). Clear pathological mechanism documented."
270,Lifelong wheel running exercise and mild caloric restriction attenuate nuclear EndoG in the aging plantaris muscle.,PMC5026643,https://www.ncbi.nlm.nih.gov/pmc/articles/PMC5026643/,Musculoskeletal & Bone Loss,Arabidopsis thaliana (Plants),Spaceflight / Space Environment,CRITICAL (High Priority for Mars Transit & Lunar Surface),Resistive & High-Intensity Interval Exercise (ARED/T2),Emerging Evidence,Consistent preliminary data; broader longitudinal validation required for Moon-Mars transit regimes.
271,Age-related alterations in the sarcolemmal environment are attenuated by lifelong caloric restriction and voluntary exercise.,PMC5026642,https://www.ncbi.nlm.nih.gov/pmc/articles/PMC5026642/,General Space Biology & Life Support,Mus musculus (Rodents),Spaceflight / Space Environment,MODERATE (Long-Duration Crew Health Factor),Artificial Gravity via Centrifugation (0.38g - 1.0g Intermittent),High Consensus,"Reproduced across independent missions (ISS, Shuttle, Bion-M1). Clear pathological mechanism documented."
272,"The impact of SRT2104 on skeletal muscle mitochondrial function, redox biology, and loss of muscle mass in hindlimb unloaded rats.",PMC10342025,https://www.ncbi.nlm.nih.gov/pmc/articles/PMC10342025/,Musculoskeletal & Bone Loss,Mus musculus (Rodents),Ground Analog (Clinostat / Hindlimb / Bedrest),CRITICAL (High Priority for Mars Transit & Lunar Surface),Nutritional Vitamin D/Calcium + Axial Loading Compression Suit,High Consensus,"Reproduced across independent missions (ISS, Shuttle, Bion-M1). Clear pathological mechanism documented."
273,Bioreactor development for skeletal muscle hypertrophy and atrophy by manipulating uniaxial cyclic strain: Proof of concept.,PMC11167039,https://www.ncbi.nlm.nih.gov/pmc/articles/PMC11167039/,Musculoskeletal & Bone Loss,Cross-Species / General Model,Spaceflight / Space Environment,CRITICAL (High Priority for Mars Transit & Lunar Surface),Nutritional Vitamin D/Calcium + Axial Loading Compression Suit,High Consensus,"Reproduced across independent missions (ISS, Shuttle, Bion-M1). Clear pathological mechanism documented."
274,Genomic and phenotypic characterization of Burkholderia isolates from the potable water system of the International Space Station,PMC10020673,https://www.ncbi.nlm.nih.gov/pmc/articles/PMC10020673/,General Space Biology & Life Support,Cross-Species / General Model,ISS (International Space Station),MODERATE (Long-Duration Crew Health Factor),Artificial Gravity via Centrifugation (0.38g - 1.0g Intermittent),Emerging Evidence,Consistent preliminary data; broader longitudinal validation required for Moon-Mars transit regimes.
275,CAMDLES: CFD-DEM Simulation of Microbial Communities in Spaceflight and Artificial Microgravity,PMC9144607,https://www.ncbi.nlm.nih.gov/pmc/articles/PMC9144607/,Microbiology & Biofilms,Cross-Species / General Model,Spaceflight / Space Environment,MODERATE (Long-Duration Crew Health Factor),"Probiotics, Microbial Air Filtration, Antimicrobial Copper Surfaces",Emerging Evidence,Consistent preliminary data; broader longitudinal validation required for Moon-Mars transit regimes.
276,Hardware validation of the Advanced Plant Habitat on ISS: Canopy photosynthesis in reduced gravity.,PMC7314936,https://www.ncbi.nlm.nih.gov/pmc/articles/PMC7314936/,Plant Biology & Space Agriculture,Arabidopsis thaliana (Plants),ISS (International Space Station),MISSION ESSENTIAL (Bioregenerative Food & O2 Systems),Tailored LED Light Spectrum (Far-Red/Blue) + Active Aerated Root Substrates,Emerging Evidence,Consistent preliminary data; broader longitudinal validation required for Moon-Mars transit regimes.
277,Trimeric structure of (+)-pinoresinol-forming dirigent protein at 1.95 A resolution with three isolated active sites.,PMC4340379,https://www.ncbi.nlm.nih.gov/pmc/articles/PMC4340379/,General Space Biology & Life Support,Cross-Species / General Model,Spaceflight / Space Environment,MODERATE (Long-Duration Crew Health Factor),Artificial Gravity via Centrifugation (0.38g - 1.0g Intermittent),Emerging Evidence,Consistent preliminary data; broader longitudinal validation required for Moon-Mars transit regimes.
278,Reduced Arogenate Dehydratase Expression: Ramifications for Photosynthesis and Metabolism,PMC5933128,https://www.ncbi.nlm.nih.gov/pmc/articles/PMC5933128/,Plant Biology & Space Agriculture,Mus musculus (Rodents),Spaceflight / Space Environment,MISSION ESSENTIAL (Bioregenerative Food & O2 Systems),Artificial Gravity via Centrifugation (0.38g - 1.0g Intermittent),Emerging Evidence,Consistent preliminary data; broader longitudinal validation required for Moon-Mars transit regimes.
279,New insights into lignification via network and multi-omics analyses of arogenate dehydratase knock-out mutants in Arabidopsis thaliana,PMC8185232,https://www.ncbi.nlm.nih.gov/pmc/articles/PMC8185232/,Plant Biology & Space Agriculture,Mus musculus (Rodents),Spaceflight / Space Environment,MISSION ESSENTIAL (Bioregenerative Food & O2 Systems),Artificial Gravity via Centrifugation (0.38g - 1.0g Intermittent),Emerging Evidence,Consistent preliminary data; broader longitudinal validation required for Moon-Mars transit regimes.
280,Functional consequences of radiation-induced oxidative stress in cultured neural stem cells and the brain exposed to charged particle irradiation,PMC3936501,https://www.ncbi.nlm.nih.gov/pmc/articles/PMC3936501/,Radiation & Deep Space Hazards,In Vitro / Cell Culture / Organoid,Spaceflight / Space Environment,CRITICAL (High Priority for Mars Transit & Lunar Surface),Hydrocarbon Polymer/Water Shielding + Radioprotective Bio-agents,Emerging Evidence,Consistent preliminary data; broader longitudinal validation required for Moon-Mars transit regimes.
281,Exploration of space to achieve scientific breakthroughs,PMC11998595,https://www.ncbi.nlm.nih.gov/pmc/articles/PMC11998595/,General Space Biology & Life Support,Mus musculus (Rodents),Spaceflight / Space Environment,MODERATE (Long-Duration Crew Health Factor),Artificial Gravity via Centrifugation (0.38g - 1.0g Intermittent),Emerging Evidence,Consistent preliminary data; broader longitudinal validation required for Moon-Mars transit regimes.
282,Network Analysis of Gene Transcriptions of Arabidopsis thaliana in Spaceflight Microgravity.,PMC7996555,https://www.ncbi.nlm.nih.gov/pmc/articles/PMC7996555/,Plant Biology & Space Agriculture,Arabidopsis thaliana (Plants),Spaceflight / Space Environment,MISSION ESSENTIAL (Bioregenerative Food & O2 Systems),Artificial Gravity via Centrifugation (0.38g - 1.0g Intermittent),Emerging Evidence,Consistent preliminary data; broader longitudinal validation required for Moon-Mars transit regimes.
283,Detection of Genes in Arabidopsis thaliana L. Responding to DNA Damage from Radiation and Other Stressors in Spaceflight,PMC8234954,https://www.ncbi.nlm.nih.gov/pmc/articles/PMC8234954/,Radiation & Deep Space Hazards,Arabidopsis thaliana (Plants),Spaceflight / Space Environment,CRITICAL (High Priority for Mars Transit & Lunar Surface),Hydrocarbon Polymer/Water Shielding + Radioprotective Bio-agents,High Consensus,"Reproduced across independent missions (ISS, Shuttle, Bion-M1). Clear pathological mechanism documented."
284,"The Effect of spaceflight on mouse olfactory bulb volume, neurogenesis, and cell death indicates the protective effect of novel environment.",PMC4152162,https://www.ncbi.nlm.nih.gov/pmc/articles/PMC4152162/,Neuroscience & Vision (SANS),Mus musculus (Rodents),Spaceflight / Space Environment,HIGH (Requires Active Countermeasures & Monitoring),Artificial Gravity via Centrifugation (0.38g - 1.0g Intermittent),Controversial / Active Debate,Conflicting findings reported between flight durations or between in vitro vs in vivo models. Requires targeted flight trials.
285,"Effects of low-dose rate Œ≥-irradiation combined with simulated microgravity on markers of oxidative stress, DNA methylation potential, and remodeling in the mouse heart",PMC5498037,https://www.ncbi.nlm.nih.gov/pmc/articles/PMC5498037/,Radiation & Deep Space Hazards,Mus musculus (Rodents),Ground Analog (Clinostat / Hindlimb / Bedrest),CRITICAL (High Priority for Mars Transit & Lunar Surface),Hydrocarbon Polymer/Water Shielding + Radioprotective Bio-agents,Emerging Evidence,Consistent preliminary data; broader longitudinal validation required for Moon-Mars transit regimes.
286,Characterization of mouse ocular response to a 35-day spaceflight mission: Evidence of blood-retinal barrier disruption and ocular adaptations.,PMC6547757,https://www.ncbi.nlm.nih.gov/pmc/articles/PMC6547757/,Neuroscience & Vision (SANS),Mus musculus (Rodents),ISS (International Space Station),HIGH (Requires Active Countermeasures & Monitoring),"Choline Supplementation, LBNP Nocturnal Counter-pressure, IOP Monitoring",Emerging Evidence,Consistent preliminary data; broader longitudinal validation required for Moon-Mars transit regimes.
287,Mice Exposed to Combined Chronic Low-Dose Irradiation and Modeled Microgravity Develop Long-Term Neurological Sequelae.,PMC6747492,https://www.ncbi.nlm.nih.gov/pmc/articles/PMC6747492/,Radiation & Deep Space Hazards,Mus musculus (Rodents),Spaceflight / Space Environment,CRITICAL (High Priority for Mars Transit & Lunar Surface),Hydrocarbon Polymer/Water Shielding + Radioprotective Bio-agents,Emerging Evidence,Consistent preliminary data; broader longitudinal validation required for Moon-Mars transit regimes.
288,"Spaceflight influences gene expression, photoreceptor integrity, and oxidative stress-related damage in the murine retina.",PMC6746706,https://www.ncbi.nlm.nih.gov/pmc/articles/PMC6746706/,Neuroscience & Vision (SANS),Mus musculus (Rodents),Spaceflight / Space Environment,HIGH (Requires Active Countermeasures & Monitoring),"Choline Supplementation, LBNP Nocturnal Counter-pressure, IOP Monitoring",High Consensus,"Reproduced across independent missions (ISS, Shuttle, Bion-M1). Clear pathological mechanism documented."
289,Evaluating ocular response in the retina and optic nerve head after single and fractionated high-energy protons,PMC8400407,https://www.ncbi.nlm.nih.gov/pmc/articles/PMC8400407/,Radiation & Deep Space Hazards,Cross-Species / General Model,Spaceflight / Space Environment,CRITICAL (High Priority for Mars Transit & Lunar Surface),"Choline Supplementation, LBNP Nocturnal Counter-pressure, IOP Monitoring",Emerging Evidence,Consistent preliminary data; broader longitudinal validation required for Moon-Mars transit regimes.
290,Characterization of gene expression profiles in the mouse brain after 35 days of spaceflight mission.,PMC9365836,https://www.ncbi.nlm.nih.gov/pmc/articles/PMC9365836/,Neuroscience & Vision (SANS),Mus musculus (Rodents),ISS (International Space Station),HIGH (Requires Active Countermeasures & Monitoring),Artificial Gravity via Centrifugation (0.38g - 1.0g Intermittent),Emerging Evidence,Consistent preliminary data; broader longitudinal validation required for Moon-Mars transit regimes.
291,A multi-omics longitudinal study of the murine retinal response to chronic low-dose irradiation and simulated microgravity.,PMC9547011,https://www.ncbi.nlm.nih.gov/pmc/articles/PMC9547011/,Radiation & Deep Space Hazards,Mus musculus (Rodents),Ground Analog (Clinostat / Hindlimb / Bedrest),CRITICAL (High Priority for Mars Transit & Lunar Surface),Hydrocarbon Polymer/Water Shielding + Radioprotective Bio-agents,Emerging Evidence,Consistent preliminary data; broader longitudinal validation required for Moon-Mars transit regimes.
292,Evidence of spaceflight-induced adverse effects on photoreceptors and retinal function in the mouse eye.,PMC10138634,https://www.ncbi.nlm.nih.gov/pmc/articles/PMC10138634/,Neuroscience & Vision (SANS),Mus musculus (Rodents),Spaceflight / Space Environment,HIGH (Requires Active Countermeasures & Monitoring),"Choline Supplementation, LBNP Nocturnal Counter-pressure, IOP Monitoring",Emerging Evidence,Consistent preliminary data; broader longitudinal validation required for Moon-Mars transit regimes.
293,Effects of spaceflight on the brain,PMC12031868,https://www.ncbi.nlm.nih.gov/pmc/articles/PMC12031868/,Neuroscience & Vision (SANS),Cross-Species / General Model,Spaceflight / Space Environment,HIGH (Requires Active Countermeasures & Monitoring),Artificial Gravity via Centrifugation (0.38g - 1.0g Intermittent),Emerging Evidence,Consistent preliminary data; broader longitudinal validation required for Moon-Mars transit regimes.
294,Routine omics collection is a golden opportunity for European human research in space and analog environments.,PMC9583032,https://www.ncbi.nlm.nih.gov/pmc/articles/PMC9583032/,General Space Biology & Life Support,Homo sapiens (Humans),Spaceflight / Space Environment,MODERATE (Long-Duration Crew Health Factor),Artificial Gravity via Centrifugation (0.38g - 1.0g Intermittent),Emerging Evidence,Consistent preliminary data; broader longitudinal validation required for Moon-Mars transit regimes.
295,Spatial omics technologies at multimodal and single cell/subcellular level.,PMC9746133,https://www.ncbi.nlm.nih.gov/pmc/articles/PMC9746133/,General Space Biology & Life Support,In Vitro / Cell Culture / Organoid,Spaceflight / Space Environment,MODERATE (Long-Duration Crew Health Factor),Artificial Gravity via Centrifugation (0.38g - 1.0g Intermittent),Emerging Evidence,Consistent preliminary data; broader longitudinal validation required for Moon-Mars transit regimes.
296,Genomic characterization and radiation tolerance of Naganishia kalamii sp. nov. and Cystobasidium onofrii sp. nov. from Mars 2020 mission assembly facilities.,PMC10422843,https://www.ncbi.nlm.nih.gov/pmc/articles/PMC10422843/,Radiation & Deep Space Hazards,Cross-Species / General Model,ISS (International Space Station),CRITICAL (High Priority for Mars Transit & Lunar Surface),Hydrocarbon Polymer/Water Shielding + Radioprotective Bio-agents,Emerging Evidence,Consistent preliminary data; broader longitudinal validation required for Moon-Mars transit regimes.
297,"Genome and clonal hematopoiesis stability contrasts with immune, cfDNA, mitochondrial, and telomere length changes during short duration spaceflight",PMC11022651,https://www.ncbi.nlm.nih.gov/pmc/articles/PMC11022651/,Immunology & Infection,Mus musculus (Rodents),Spaceflight / Space Environment,HIGH (Requires Active Countermeasures & Monitoring),"Probiotics, Microbial Air Filtration, Antimicrobial Copper Surfaces",Emerging Evidence,Consistent preliminary data; broader longitudinal validation required for Moon-Mars transit regimes.
298,Inspiration4 data access through the NASA Open Science Data Repository,PMC11094041,https://www.ncbi.nlm.nih.gov/pmc/articles/PMC11094041/,General Space Biology & Life Support,Mus musculus (Rodents),Spaceflight / Space Environment,MODERATE (Long-Duration Crew Health Factor),Artificial Gravity via Centrifugation (0.38g - 1.0g Intermittent),Emerging Evidence,Consistent preliminary data; broader longitudinal validation required for Moon-Mars transit regimes.
299,Molecular and physiologic changes in the SpaceX Inspiration4 civilian crew,PMC11357997,https://www.ncbi.nlm.nih.gov/pmc/articles/PMC11357997/,General Space Biology & Life Support,Mus musculus (Rodents),Spaceflight / Space Environment,MODERATE (Long-Duration Crew Health Factor),Artificial Gravity via Centrifugation (0.38g - 1.0g Intermittent),Emerging Evidence,Consistent preliminary data; broader longitudinal validation required for Moon-Mars transit regimes.
300,Telomeric RNA (TERRA) increases in response to spaceflight and high-altitude climbing,PMC11167063,https://www.ncbi.nlm.nih.gov/pmc/articles/PMC11167063/,General Space Biology & Life Support,Cross-Species / General Model,Spaceflight / Space Environment,MODERATE (Long-Duration Crew Health Factor),Artificial Gravity via Centrifugation (0.38g - 1.0g Intermittent),Emerging Evidence,Consistent preliminary data; broader longitudinal validation required for Moon-Mars transit regimes.
301,Spatial multi-omics of human skin reveals KRAS and inflammatory responses to spaceflight,PMC11166909,https://www.ncbi.nlm.nih.gov/pmc/articles/PMC11166909/,General Space Biology & Life Support,Homo sapiens (Humans),Spaceflight / Space Environment,MODERATE (Long-Duration Crew Health Factor),Artificial Gravity via Centrifugation (0.38g - 1.0g Intermittent),Emerging Evidence,Consistent preliminary data; broader longitudinal validation required for Moon-Mars transit regimes.
302,Longitudinal multi-omics analysis of host microbiome architecture and immune responses during short-term spaceflight,PMC11222149,https://www.ncbi.nlm.nih.gov/pmc/articles/PMC11222149/,Immunology & Infection,Cross-Species / General Model,Spaceflight / Space Environment,HIGH (Requires Active Countermeasures & Monitoring),"Probiotics, Microbial Air Filtration, Antimicrobial Copper Surfaces",Emerging Evidence,Consistent preliminary data; broader longitudinal validation required for Moon-Mars transit regimes.
303,Spatiotemporal expression and control of haemoglobin in space,PMC11166948,https://www.ncbi.nlm.nih.gov/pmc/articles/PMC11166948/,General Space Biology & Life Support,Cross-Species / General Model,Spaceflight / Space Environment,MODERATE (Long-Duration Crew Health Factor),Artificial Gravity via Centrifugation (0.38g - 1.0g Intermittent),Emerging Evidence,Consistent preliminary data; broader longitudinal validation required for Moon-Mars transit regimes.
304,"Single-cell multi-ome and immune profiles of the Inspiration4 crew reveal conserved, cell-type, and sex-specific responses to spaceflight",PMC11166952,https://www.ncbi.nlm.nih.gov/pmc/articles/PMC11166952/,Radiation & Deep Space Hazards,Mus musculus (Rodents),Spaceflight / Space Environment,CRITICAL (High Priority for Mars Transit & Lunar Surface),"Probiotics, Microbial Air Filtration, Antimicrobial Copper Surfaces",Emerging Evidence,Consistent preliminary data; broader longitudinal validation required for Moon-Mars transit regimes.
305,Single-cell analysis identifies conserved features of immune dysfunction in simulated microgravity and spaceflight,PMC11166937,https://www.ncbi.nlm.nih.gov/pmc/articles/PMC11166937/,Immunology & Infection,In Vitro / Cell Culture / Organoid,Ground Analog (Clinostat / Hindlimb / Bedrest),HIGH (Requires Active Countermeasures & Monitoring),"Probiotics, Microbial Air Filtration, Antimicrobial Copper Surfaces",Emerging Evidence,Consistent preliminary data; broader longitudinal validation required for Moon-Mars transit regimes.
306,The Space Omics and Medical Atlas (SOMA) and international astronaut biobank,PMC11357981,https://www.ncbi.nlm.nih.gov/pmc/articles/PMC11357981/,General Space Biology & Life Support,Homo sapiens (Humans),Spaceflight / Space Environment,MODERATE (Long-Duration Crew Health Factor),Artificial Gravity via Centrifugation (0.38g - 1.0g Intermittent),Emerging Evidence,Consistent preliminary data; broader longitudinal validation required for Moon-Mars transit regimes.
307,"Secretome profiling reveals acute changes in oxidative stress, brain homeostasis, and coagulation following short-duration spaceflight",PMC11166969,https://www.ncbi.nlm.nih.gov/pmc/articles/PMC11166969/,Neuroscience & Vision (SANS),Mus musculus (Rodents),Spaceflight / Space Environment,HIGH (Requires Active Countermeasures & Monitoring),Artificial Gravity via Centrifugation (0.38g - 1.0g Intermittent),Emerging Evidence,Consistent preliminary data; broader longitudinal validation required for Moon-Mars transit regimes.
308,Astronaut omics and the impact of space on the human body at scale,PMC11166943,https://www.ncbi.nlm.nih.gov/pmc/articles/PMC11166943/,General Space Biology & Life Support,Homo sapiens (Humans),Spaceflight / Space Environment,MODERATE (Long-Duration Crew Health Factor),Artificial Gravity via Centrifugation (0.38g - 1.0g Intermittent),Emerging Evidence,Consistent preliminary data; broader longitudinal validation required for Moon-Mars transit regimes.
309,Transcriptomics analysis reveals molecular alterations underpinning spaceflight dermatology.,PMC11166967,https://www.ncbi.nlm.nih.gov/pmc/articles/PMC11166967/,"Omics, Mitochondria & Cellular Stress",Mus musculus (Rodents),Spaceflight / Space Environment,MODERATE (Long-Duration Crew Health Factor),Artificial Gravity via Centrifugation (0.38g - 1.0g Intermittent),High Consensus,"Reproduced across independent missions (ISS, Shuttle, Bion-M1). Clear pathological mechanism documented."
310,"Cosmic kidney disease: an integrated pan-omic, physiological and morphological study into spaceflight-induced renal dysfunction",PMC11167060,https://www.ncbi.nlm.nih.gov/pmc/articles/PMC11167060/,General Space Biology & Life Support,Mus musculus (Rodents),Spaceflight / Space Environment,MODERATE (Long-Duration Crew Health Factor),Artificial Gravity via Centrifugation (0.38g - 1.0g Intermittent),Emerging Evidence,Consistent preliminary data; broader longitudinal validation required for Moon-Mars transit regimes.
311,Spaceflight induces changes in gene expression profiles linked to insulin and estrogen,PMC11166981,https://www.ncbi.nlm.nih.gov/pmc/articles/PMC11166981/,General Space Biology & Life Support,Cross-Species / General Model,Spaceflight / Space Environment,MODERATE (Long-Duration Crew Health Factor),Artificial Gravity via Centrifugation (0.38g - 1.0g Intermittent),High Consensus,"Reproduced across independent missions (ISS, Shuttle, Bion-M1). Clear pathological mechanism documented."
312,Protective alleles and precision healthcare in crewed spaceflight,PMC11263583,https://www.ncbi.nlm.nih.gov/pmc/articles/PMC11263583/,General Space Biology & Life Support,Homo sapiens (Humans),Spaceflight / Space Environment,MODERATE (Long-Duration Crew Health Factor),Artificial Gravity via Centrifugation (0.38g - 1.0g Intermittent),Emerging Evidence,Consistent preliminary data; broader longitudinal validation required for Moon-Mars transit regimes.
313,To boldly go where no microRNAs have gone before: Spaceflight impact on risk for small-for-gestational-age infants,PMC11484870,https://www.ncbi.nlm.nih.gov/pmc/articles/PMC11484870/,"Omics, Mitochondria & Cellular Stress",Cross-Species / General Model,Spaceflight / Space Environment,MODERATE (Long-Duration Crew Health Factor),Artificial Gravity via Centrifugation (0.38g - 1.0g Intermittent),Emerging Evidence,Consistent preliminary data; broader longitudinal validation required for Moon-Mars transit regimes.
314,Growth chambers on the International Space Station for large plants,PMC10780891,https://www.ncbi.nlm.nih.gov/pmc/articles/PMC10780891/,Plant Biology & Space Agriculture,Arabidopsis thaliana (Plants),ISS (International Space Station),MISSION ESSENTIAL (Bioregenerative Food & O2 Systems),Tailored LED Light Spectrum (Far-Red/Blue) + Active Aerated Root Substrates,Emerging Evidence,Consistent preliminary data; broader longitudinal validation required for Moon-Mars transit regimes.
315,Microbiological and nutritional analysis of lettuce crops grown on the International Space Station,PMC7067979,https://www.ncbi.nlm.nih.gov/pmc/articles/PMC7067979/,Plant Biology & Space Agriculture,Arabidopsis thaliana (Plants),ISS (International Space Station),MISSION ESSENTIAL (Bioregenerative Food & O2 Systems),"Probiotics, Microbial Air Filtration, Antimicrobial Copper Surfaces",Emerging Evidence,Consistent preliminary data; broader longitudinal validation required for Moon-Mars transit regimes.
316,Natural variation in the expression of ORGANIC CATION TRANSPORTER 1 affects root length responses to cadaverine in Arabidopsis.,PMC4321547,https://www.ncbi.nlm.nih.gov/pmc/articles/PMC4321547/,Plant Biology & Space Agriculture,Arabidopsis thaliana (Plants),Spaceflight / Space Environment,MISSION ESSENTIAL (Bioregenerative Food & O2 Systems),Artificial Gravity via Centrifugation (0.38g - 1.0g Intermittent),Emerging Evidence,Consistent preliminary data; broader longitudinal validation required for Moon-Mars transit regimes.
317,Auxin: Shape matters.,PMC6710492,https://www.ncbi.nlm.nih.gov/pmc/articles/PMC6710492/,General Space Biology & Life Support,Cross-Species / General Model,Spaceflight / Space Environment,MODERATE (Long-Duration Crew Health Factor),Artificial Gravity via Centrifugation (0.38g - 1.0g Intermittent),Emerging Evidence,Consistent preliminary data; broader longitudinal validation required for Moon-Mars transit regimes.
318,Gravity signaling in flowering plant roots,PMC12008199,https://www.ncbi.nlm.nih.gov/pmc/articles/PMC12008199/,Plant Biology & Space Agriculture,Arabidopsis thaliana (Plants),Spaceflight / Space Environment,MISSION ESSENTIAL (Bioregenerative Food & O2 Systems),Tailored LED Light Spectrum (Far-Red/Blue) + Active Aerated Root Substrates,Emerging Evidence,Consistent preliminary data; broader longitudinal validation required for Moon-Mars transit regimes.
319,Cadaverine regulates biotin synthesis to modulate primary root growth in Arabidopsis,PMC8518694,https://www.ncbi.nlm.nih.gov/pmc/articles/PMC8518694/,Plant Biology & Space Agriculture,Arabidopsis thaliana (Plants),Spaceflight / Space Environment,MISSION ESSENTIAL (Bioregenerative Food & O2 Systems),Artificial Gravity via Centrifugation (0.38g - 1.0g Intermittent),Emerging Evidence,Consistent preliminary data; broader longitudinal validation required for Moon-Mars transit regimes.
320,Low-speed clinorotation of Brachypodium distachyon and Arabidopsis thaliana seedlings triggers root tip curvatures that are reminiscent of gravitropism.,PMC9861679,https://www.ncbi.nlm.nih.gov/pmc/articles/PMC9861679/,Radiation & Deep Space Hazards,Arabidopsis thaliana (Plants),Spaceflight / Space Environment,CRITICAL (High Priority for Mars Transit & Lunar Surface),Artificial Gravity via Centrifugation (0.38g - 1.0g Intermittent),Emerging Evidence,Consistent preliminary data; broader longitudinal validation required for Moon-Mars transit regimes.
321,New device for high-throughput viability screening of flow biofilms,PMC2897429,https://www.ncbi.nlm.nih.gov/pmc/articles/PMC2897429/,Microbiology & Biofilms,Microbial / Microorganisms,Spaceflight / Space Environment,MODERATE (Long-Duration Crew Health Factor),Artificial Gravity via Centrifugation (0.38g - 1.0g Intermittent),Emerging Evidence,Consistent preliminary data; broader longitudinal validation required for Moon-Mars transit regimes.
322,Sigma S-dependent antioxidant defense protects stationary-phase Escherichia coli against the bactericidal antibiotic gentamicin,PMC4187989,https://www.ncbi.nlm.nih.gov/pmc/articles/PMC4187989/,Microbiology & Biofilms,Cross-Species / General Model,Spaceflight / Space Environment,MODERATE (Long-Duration Crew Health Factor),Artificial Gravity via Centrifugation (0.38g - 1.0g Intermittent),Emerging Evidence,Consistent preliminary data; broader longitudinal validation required for Moon-Mars transit regimes.
323,Plasma membrane disruption (PMD) formation and repair in mechanosensitive tissues,PMC8217198,https://www.ncbi.nlm.nih.gov/pmc/articles/PMC8217198/,General Space Biology & Life Support,Cross-Species / General Model,ISS (International Space Station),MODERATE (Long-Duration Crew Health Factor),Artificial Gravity via Centrifugation (0.38g - 1.0g Intermittent),Emerging Evidence,Consistent preliminary data; broader longitudinal validation required for Moon-Mars transit regimes.
324,Microgravity alters the expression of salivary proteins,PMC6981245,https://www.ncbi.nlm.nih.gov/pmc/articles/PMC6981245/,General Space Biology & Life Support,Cross-Species / General Model,Spaceflight / Space Environment,MODERATE (Long-Duration Crew Health Factor),Artificial Gravity via Centrifugation (0.38g - 1.0g Intermittent),Emerging Evidence,Consistent preliminary data; broader longitudinal validation required for Moon-Mars transit regimes.
325,Salivary Gland Protein Expression after Bion-M1 and Space Shuttle STS-135 Missions,PMC6981245,https://www.ncbi.nlm.nih.gov/pmc/articles/PMC6981245/,General Space Biology & Life Support,Cross-Species / General Model,ISS (International Space Station),MODERATE (Long-Duration Crew Health Factor),Artificial Gravity via Centrifugation (0.38g - 1.0g Intermittent),Emerging Evidence,Consistent preliminary data; broader longitudinal validation required for Moon-Mars transit regimes.
326,Response of the mouse sublingual gland to spaceflight.,PMC6131065,https://www.ncbi.nlm.nih.gov/pmc/articles/PMC6131065/,General Space Biology & Life Support,Mus musculus (Rodents),Spaceflight / Space Environment,MODERATE (Long-Duration Crew Health Factor),Artificial Gravity via Centrifugation (0.38g - 1.0g Intermittent),Emerging Evidence,Consistent preliminary data; broader longitudinal validation required for Moon-Mars transit regimes.
327,Effects of spaceflight on the mouse submandibular gland,PMC11233762,https://www.ncbi.nlm.nih.gov/pmc/articles/PMC11233762/,General Space Biology & Life Support,Mus musculus (Rodents),Spaceflight / Space Environment,MODERATE (Long-Duration Crew Health Factor),Artificial Gravity via Centrifugation (0.38g - 1.0g Intermittent),Emerging Evidence,Consistent preliminary data; broader longitudinal validation required for Moon-Mars transit regimes.
328,"Reactivation of Latent Epstein-Barr Virus: A Comparison after Exposure to Gamma, Proton, Carbon, and Iron Radiation",PMC6213004,https://www.ncbi.nlm.nih.gov/pmc/articles/PMC6213004/,Radiation & Deep Space Hazards,Cross-Species / General Model,Spaceflight / Space Environment,CRITICAL (High Priority for Mars Transit & Lunar Surface),Hydrocarbon Polymer/Water Shielding + Radioprotective Bio-agents,Emerging Evidence,Consistent preliminary data; broader longitudinal validation required for Moon-Mars transit regimes.
329,The influence of spaceflight on the astronaut salivary microbiome and the search for a microbiome biomarker for viral reactivation,PMC7171750,https://www.ncbi.nlm.nih.gov/pmc/articles/PMC7171750/,Microbiology & Biofilms,Homo sapiens (Humans),Spaceflight / Space Environment,MODERATE (Long-Duration Crew Health Factor),"Probiotics, Microbial Air Filtration, Antimicrobial Copper Surfaces",Emerging Evidence,Consistent preliminary data; broader longitudinal validation required for Moon-Mars transit regimes.
330,The cyclic nucleotide-gated channel CNGC14 regulates root gravitropism in Arabidopsis thaliana.,PMC10414970,https://www.ncbi.nlm.nih.gov/pmc/articles/PMC10414970/,Plant Biology & Space Agriculture,Arabidopsis thaliana (Plants),Spaceflight / Space Environment,MISSION ESSENTIAL (Bioregenerative Food & O2 Systems),Artificial Gravity via Centrifugation (0.38g - 1.0g Intermittent),Emerging Evidence,Consistent preliminary data; broader longitudinal validation required for Moon-Mars transit regimes.
331,Telomere length assessments of muscle stem cells in rodent and human skeletal muscle sections,PMC8450295,https://www.ncbi.nlm.nih.gov/pmc/articles/PMC8450295/,Musculoskeletal & Bone Loss,Mus musculus (Rodents),Spaceflight / Space Environment,CRITICAL (High Priority for Mars Transit & Lunar Surface),Nutritional Vitamin D/Calcium + Axial Loading Compression Suit,Emerging Evidence,Consistent preliminary data; broader longitudinal validation required for Moon-Mars transit regimes.
332,Persistent NF-Œ∫B activation in muscle stem cells induces proliferation-independent telomere shortening,PMC8183356,https://www.ncbi.nlm.nih.gov/pmc/articles/PMC8183356/,Musculoskeletal & Bone Loss,Mus musculus (Rodents),Spaceflight / Space Environment,CRITICAL (High Priority for Mars Transit & Lunar Surface),Nutritional Vitamin D/Calcium + Axial Loading Compression Suit,High Consensus,"Reproduced across independent missions (ISS, Shuttle, Bion-M1). Clear pathological mechanism documented."
333,Piezo1 regulates the regenerative capacity of skeletal muscles via orchestration of stem cell morphological states.,PMC8932657,https://www.ncbi.nlm.nih.gov/pmc/articles/PMC8932657/,Musculoskeletal & Bone Loss,Mus musculus (Rodents),Spaceflight / Space Environment,CRITICAL (High Priority for Mars Transit & Lunar Surface),Nutritional Vitamin D/Calcium + Axial Loading Compression Suit,Emerging Evidence,Consistent preliminary data; broader longitudinal validation required for Moon-Mars transit regimes.
334,"Impacts of radiation exposure, hindlimb unloading, and recovery on murine skeletal muscle cell telomere length.",PMC10504369,https://www.ncbi.nlm.nih.gov/pmc/articles/PMC10504369/,Musculoskeletal & Bone Loss,Mus musculus (Rodents),Ground Analog (Clinostat / Hindlimb / Bedrest),CRITICAL (High Priority for Mars Transit & Lunar Surface),Nutritional Vitamin D/Calcium + Axial Loading Compression Suit,Emerging Evidence,Consistent preliminary data; broader longitudinal validation required for Moon-Mars transit regimes.
335,Ethylene-induced flavonol accumulation in guard cells suppresses reactive oxygen species and modulates stomatal aperture,PMC3982735,https://www.ncbi.nlm.nih.gov/pmc/articles/PMC3982735/,Radiation & Deep Space Hazards,In Vitro / Cell Culture / Organoid,Spaceflight / Space Environment,CRITICAL (High Priority for Mars Transit & Lunar Surface),Artificial Gravity via Centrifugation (0.38g - 1.0g Intermittent),Emerging Evidence,Consistent preliminary data; broader longitudinal validation required for Moon-Mars transit regimes.
336,Transcriptional and Hormonal Regulation of Gravitropism of Woody Stems in Populus.,PMC4682325,https://www.ncbi.nlm.nih.gov/pmc/articles/PMC4682325/,Plant Biology & Space Agriculture,Cross-Species / General Model,Spaceflight / Space Environment,MISSION ESSENTIAL (Bioregenerative Food & O2 Systems),Artificial Gravity via Centrifugation (0.38g - 1.0g Intermittent),Emerging Evidence,Consistent preliminary data; broader longitudinal validation required for Moon-Mars transit regimes.
337,Endosidin2 targets conserved exocyst complex subunit EXO70 to inhibit exocytosis,PMC10264680,https://www.ncbi.nlm.nih.gov/pmc/articles/PMC10264680/,General Space Biology & Life Support,Cross-Species / General Model,Spaceflight / Space Environment,MODERATE (Long-Duration Crew Health Factor),Artificial Gravity via Centrifugation (0.38g - 1.0g Intermittent),Emerging Evidence,Consistent preliminary data; broader longitudinal validation required for Moon-Mars transit regimes.
338,"A conditional mutation in SCD1 reveals linkage between PIN protein trafficking, auxin transport, gravitropism, and lateral root initiation.",PMC7358545,https://www.ncbi.nlm.nih.gov/pmc/articles/PMC7358545/,Plant Biology & Space Agriculture,Arabidopsis thaliana (Plants),Spaceflight / Space Environment,MISSION ESSENTIAL (Bioregenerative Food & O2 Systems),Artificial Gravity via Centrifugation (0.38g - 1.0g Intermittent),Emerging Evidence,Consistent preliminary data; broader longitudinal validation required for Moon-Mars transit regimes.
339,"A comprehensive SARS-CoV-2 and COVID-19 review, Part 1: Intracellular overdrive for SARS-CoV-2 infection.",PMC9108708,https://www.ncbi.nlm.nih.gov/pmc/articles/PMC9108708/,General Space Biology & Life Support,In Vitro / Cell Culture / Organoid,Spaceflight / Space Environment,MODERATE (Long-Duration Crew Health Factor),Artificial Gravity via Centrifugation (0.38g - 1.0g Intermittent),Emerging Evidence,Consistent preliminary data; broader longitudinal validation required for Moon-Mars transit regimes.
340,Changes in nuclear shape and gene expression in response to simulated microgravity are LINC complex-dependent.,PMC7555797,https://www.ncbi.nlm.nih.gov/pmc/articles/PMC7555797/,General Space Biology & Life Support,Cross-Species / General Model,Ground Analog (Clinostat / Hindlimb / Bedrest),MODERATE (Long-Duration Crew Health Factor),Artificial Gravity via Centrifugation (0.38g - 1.0g Intermittent),Emerging Evidence,Consistent preliminary data; broader longitudinal validation required for Moon-Mars transit regimes.
341,"Growth of Carnobacterium spp. from permafrost under low pressure, temperature, and anoxic atmosphere has implications for Earth microbes on Mars",PMC3545801,https://www.ncbi.nlm.nih.gov/pmc/articles/PMC3545801/,Microbiology & Biofilms,Mus musculus (Rodents),Spaceflight / Space Environment,MODERATE (Long-Duration Crew Health Factor),"Probiotics, Microbial Air Filtration, Antimicrobial Copper Surfaces",Emerging Evidence,Consistent preliminary data; broader longitudinal validation required for Moon-Mars transit regimes.
342,Complete Genome Sequence of Carnobacterium gilichinskyi Strain WN1359T (DSM 27470T),PMC3869332,https://www.ncbi.nlm.nih.gov/pmc/articles/PMC3869332/,General Space Biology & Life Support,Cross-Species / General Model,Spaceflight / Space Environment,MODERATE (Long-Duration Crew Health Factor),Artificial Gravity via Centrifugation (0.38g - 1.0g Intermittent),Emerging Evidence,Consistent preliminary data; broader longitudinal validation required for Moon-Mars transit regimes.
343,"Exposure of Bacillus subtilis to low pressure (5 kilopascals) induces several global regulons, including those involved in the SigB-mediated general stress response",PMC4135744,https://www.ncbi.nlm.nih.gov/pmc/articles/PMC4135744/,Microbiology & Biofilms,Cross-Species / General Model,Spaceflight / Space Environment,MODERATE (Long-Duration Crew Health Factor),Artificial Gravity via Centrifugation (0.38g - 1.0g Intermittent),High Consensus,"Reproduced across independent missions (ISS, Shuttle, Bion-M1). Clear pathological mechanism documented."
344,"Resistance of Bacillus subtilis Spore DNA to Lethal Ionizing Radiation Damage Relies Primarily on Spore Core Components and DNA Repair, with Minor Effects of Oxygen Radical Detoxification",PMC3911009,https://www.ncbi.nlm.nih.gov/pmc/articles/PMC3911009/,Radiation & Deep Space Hazards,Cross-Species / General Model,Spaceflight / Space Environment,CRITICAL (High Priority for Mars Transit & Lunar Surface),Hydrocarbon Polymer/Water Shielding + Radioprotective Bio-agents,High Consensus,"Reproduced across independent missions (ISS, Shuttle, Bion-M1). Clear pathological mechanism documented."
345,Cultivation of Staphylococcus epidermidis in the human spaceflight environment leads to alterations in the frequency and spectrum of spontaneous rifampicin-resistance mutations in the rpoB gene,PMC4923109,https://www.ncbi.nlm.nih.gov/pmc/articles/PMC4923109/,Radiation & Deep Space Hazards,Mus musculus (Rodents),Spaceflight / Space Environment,CRITICAL (High Priority for Mars Transit & Lunar Surface),Artificial Gravity via Centrifugation (0.38g - 1.0g Intermittent),High Consensus,"Reproduced across independent missions (ISS, Shuttle, Bion-M1). Clear pathological mechanism documented."
346,Experimental Evolution of Bacillus subtilis,PMC11673879,https://www.ncbi.nlm.nih.gov/pmc/articles/PMC11673879/,Microbiology & Biofilms,Cross-Species / General Model,Spaceflight / Space Environment,MODERATE (Long-Duration Crew Health Factor),Artificial Gravity via Centrifugation (0.38g - 1.0g Intermittent),Emerging Evidence,Consistent preliminary data; broader longitudinal validation required for Moon-Mars transit regimes.
347,Cultivation in space flight produces minimal alterations in the susceptibility of Bacillus subtilis cells to 72 different antibiotics and growth-inhibiting compounds,PMC5648920,https://www.ncbi.nlm.nih.gov/pmc/articles/PMC5648920/,Microbiology & Biofilms,Mus musculus (Rodents),Spaceflight / Space Environment,MODERATE (Long-Duration Crew Health Factor),Artificial Gravity via Centrifugation (0.38g - 1.0g Intermittent),High Consensus,"Reproduced across independent missions (ISS, Shuttle, Bion-M1). Clear pathological mechanism documented."
348,Alterations in the Spectrum of Spontaneous Rifampicin-Resistance Mutations in the Bacillus subtilis rpoB Gene after Cultivation in the Human Spaceflight Environment,PMC5817088,https://www.ncbi.nlm.nih.gov/pmc/articles/PMC5817088/,Radiation & Deep Space Hazards,Mus musculus (Rodents),Spaceflight / Space Environment,CRITICAL (High Priority for Mars Transit & Lunar Surface),Artificial Gravity via Centrifugation (0.38g - 1.0g Intermittent),High Consensus,"Reproduced across independent missions (ISS, Shuttle, Bion-M1). Clear pathological mechanism documented."
349,Mechanotransduction in Prokaryotes: A Possible Mechanism of Spaceflight Adaptation,PMC7825584,https://www.ncbi.nlm.nih.gov/pmc/articles/PMC7825584/,General Space Biology & Life Support,Cross-Species / General Model,Spaceflight / Space Environment,MODERATE (Long-Duration Crew Health Factor),Artificial Gravity via Centrifugation (0.38g - 1.0g Intermittent),Emerging Evidence,Consistent preliminary data; broader longitudinal validation required for Moon-Mars transit regimes.
350,Environmental dependence of competitive fitness in rifampin-resistant rpoB mutants of Bacillus subtilis.,PMC8904044,https://www.ncbi.nlm.nih.gov/pmc/articles/PMC8904044/,Microbiology & Biofilms,Cross-Species / General Model,Spaceflight / Space Environment,MODERATE (Long-Duration Crew Health Factor),Artificial Gravity via Centrifugation (0.38g - 1.0g Intermittent),Emerging Evidence,Consistent preliminary data; broader longitudinal validation required for Moon-Mars transit regimes.
351,Analysis of interactions of Salmonella type three secretion mutants with 3-D intestinal epithelial cells.,PMC3012082,https://www.ncbi.nlm.nih.gov/pmc/articles/PMC3012082/,Microbiology & Biofilms,Microbial / Microorganisms,Spaceflight / Space Environment,MODERATE (Long-Duration Crew Health Factor),Artificial Gravity via Centrifugation (0.38g - 1.0g Intermittent),Emerging Evidence,Consistent preliminary data; broader longitudinal validation required for Moon-Mars transit regimes.
352,Organotypic 3D cell culture models: using the rotating wall vessel to study host-pathogen interactions.,PMC11088941,https://www.ncbi.nlm.nih.gov/pmc/articles/PMC11088941/,Microbiology & Biofilms,In Vitro / Cell Culture / Organoid,Spaceflight / Space Environment,MODERATE (Long-Duration Crew Health Factor),Artificial Gravity via Centrifugation (0.38g - 1.0g Intermittent),Emerging Evidence,Consistent preliminary data; broader longitudinal validation required for Moon-Mars transit regimes.
353,Induction of attachment-independent biofilm formation and repression of Hfq expression by low-fluid-shear culture of Staphylococcus aureus,PMC3187170,https://www.ncbi.nlm.nih.gov/pmc/articles/PMC3187170/,Microbiology & Biofilms,Microbial / Microorganisms,Spaceflight / Space Environment,MODERATE (Long-Duration Crew Health Factor),Lower Body Negative Pressure (LBNP) + Saline Hyper-hydration,Emerging Evidence,Consistent preliminary data; broader longitudinal validation required for Moon-Mars transit regimes.
354,Characterization of the Salmonella enterica serovar Typhimurium ydcI gene which encodes a conserved DNA binding protein required for full acid stress resistance.,PMC3133089,https://www.ncbi.nlm.nih.gov/pmc/articles/PMC3133089/,Microbiology & Biofilms,Microbial / Microorganisms,Spaceflight / Space Environment,MODERATE (Long-Duration Crew Health Factor),Artificial Gravity via Centrifugation (0.38g - 1.0g Intermittent),Emerging Evidence,Consistent preliminary data; broader longitudinal validation required for Moon-Mars transit regimes.
355,Evaluation of microorganisms cultured from injured and repressed tissue regeneration sites in endangered giant aquatic Ozark Hellbender salamanders.,PMC3242767,https://www.ncbi.nlm.nih.gov/pmc/articles/PMC3242767/,General Space Biology & Life Support,Mus musculus (Rodents),ISS (International Space Station),MODERATE (Long-Duration Crew Health Factor),Artificial Gravity via Centrifugation (0.38g - 1.0g Intermittent),Emerging Evidence,Consistent preliminary data; broader longitudinal validation required for Moon-Mars transit regimes.
356,Transcriptional and proteomic responses of Pseudomonas aeruginosa PAO1 to spaceflight conditions involve Hfq regulation and reveal a role for oxygen.,PMC3067220,https://www.ncbi.nlm.nih.gov/pmc/articles/PMC3067220/,Microbiology & Biofilms,Microbial / Microorganisms,Spaceflight / Space Environment,MODERATE (Long-Duration Crew Health Factor),Artificial Gravity via Centrifugation (0.38g - 1.0g Intermittent),Emerging Evidence,Consistent preliminary data; broader longitudinal validation required for Moon-Mars transit regimes.
357,New insights into the bacterial fitness-associated mechanisms revealed by the characterization of large plasmids of an avian pathogenic E. coli,PMC3251573,https://www.ncbi.nlm.nih.gov/pmc/articles/PMC3251573/,Microbiology & Biofilms,Microbial / Microorganisms,Spaceflight / Space Environment,MODERATE (Long-Duration Crew Health Factor),Artificial Gravity via Centrifugation (0.38g - 1.0g Intermittent),Emerging Evidence,Consistent preliminary data; broader longitudinal validation required for Moon-Mars transit regimes.
358,Lack of norovirus replication and histo-blood group antigen expression in 3-dimensional intestinal epithelial cells,PMC3647661,https://www.ncbi.nlm.nih.gov/pmc/articles/PMC3647661/,General Space Biology & Life Support,In Vitro / Cell Culture / Organoid,Spaceflight / Space Environment,MODERATE (Long-Duration Crew Health Factor),Artificial Gravity via Centrifugation (0.38g - 1.0g Intermittent),Emerging Evidence,Consistent preliminary data; broader longitudinal validation required for Moon-Mars transit regimes.
359,Conservation of the low-shear modeled microgravity response in Enterobacteriaceae and analysis of the trp genes in this response.,PMC4085587,https://www.ncbi.nlm.nih.gov/pmc/articles/PMC4085587/,Microbiology & Biofilms,Microbial / Microorganisms,Spaceflight / Space Environment,MODERATE (Long-Duration Crew Health Factor),Artificial Gravity via Centrifugation (0.38g - 1.0g Intermittent),Emerging Evidence,Consistent preliminary data; broader longitudinal validation required for Moon-Mars transit regimes.
360,Mimicking the host and its microenvironment in vitro for studying mucosal infections by Pseudomonas aeruginosa.,PMC4096993,https://www.ncbi.nlm.nih.gov/pmc/articles/PMC4096993/,Microbiology & Biofilms,Microbial / Microorganisms,Spaceflight / Space Environment,MODERATE (Long-Duration Crew Health Factor),Artificial Gravity via Centrifugation (0.38g - 1.0g Intermittent),Emerging Evidence,Consistent preliminary data; broader longitudinal validation required for Moon-Mars transit regimes.
361,Effects of Sex and Gender on Adaptation to Space: Immune System,PMC7467030,https://www.ncbi.nlm.nih.gov/pmc/articles/PMC7467030/,Immunology & Infection,Cross-Species / General Model,Spaceflight / Space Environment,HIGH (Requires Active Countermeasures & Monitoring),"Probiotics, Microbial Air Filtration, Antimicrobial Copper Surfaces",Emerging Evidence,Consistent preliminary data; broader longitudinal validation required for Moon-Mars transit regimes.
362,Recellularization of decellularized lung scaffolds is enhanced by dynamic suspension culture.,PMC4427280,https://www.ncbi.nlm.nih.gov/pmc/articles/PMC4427280/,Radiation & Deep Space Hazards,In Vitro / Cell Culture / Organoid,Spaceflight / Space Environment,CRITICAL (High Priority for Mars Transit & Lunar Surface),Artificial Gravity via Centrifugation (0.38g - 1.0g Intermittent),Emerging Evidence,Consistent preliminary data; broader longitudinal validation required for Moon-Mars transit regimes.
363,Three-dimensional organotypic co-culture model of intestinal epithelial cells and macrophages to study Salmonella enterica colonization patterns.,PMC5460263,https://www.ncbi.nlm.nih.gov/pmc/articles/PMC5460263/,Plant Biology & Space Agriculture,Arabidopsis thaliana (Plants),Spaceflight / Space Environment,MISSION ESSENTIAL (Bioregenerative Food & O2 Systems),Artificial Gravity via Centrifugation (0.38g - 1.0g Intermittent),Emerging Evidence,Consistent preliminary data; broader longitudinal validation required for Moon-Mars transit regimes.
364,Modeling Host-Pathogen Interactions in the Context of the Microenvironment: 3-D Cell Culture Comes of Age.,PMC6204695,https://www.ncbi.nlm.nih.gov/pmc/articles/PMC6204695/,Microbiology & Biofilms,In Vitro / Cell Culture / Organoid,Spaceflight / Space Environment,MODERATE (Long-Duration Crew Health Factor),Artificial Gravity via Centrifugation (0.38g - 1.0g Intermittent),Emerging Evidence,Consistent preliminary data; broader longitudinal validation required for Moon-Mars transit regimes.
365,Evaluating the effect of spaceflight on the host‚Äìpathogen interaction between human intestinal epithelial cells and Salmonella Typhimurium,PMC7943786,https://www.ncbi.nlm.nih.gov/pmc/articles/PMC7943786/,Microbiology & Biofilms,Homo sapiens (Humans),Spaceflight / Space Environment,MODERATE (Long-Duration Crew Health Factor),Artificial Gravity via Centrifugation (0.38g - 1.0g Intermittent),Emerging Evidence,Consistent preliminary data; broader longitudinal validation required for Moon-Mars transit regimes.
366,Rapid phenotypic response of LSMMG-'primed' Candida albicans.,PMC11888247,https://www.ncbi.nlm.nih.gov/pmc/articles/PMC11888247/,General Space Biology & Life Support,Cross-Species / General Model,Spaceflight / Space Environment,MODERATE (Long-Duration Crew Health Factor),Artificial Gravity via Centrifugation (0.38g - 1.0g Intermittent),Emerging Evidence,Consistent preliminary data; broader longitudinal validation required for Moon-Mars transit regimes.
367,Spaceflight enhances cell aggregation and random budding in Candida albicans.,PMC3851762,https://www.ncbi.nlm.nih.gov/pmc/articles/PMC3851762/,General Space Biology & Life Support,In Vitro / Cell Culture / Organoid,Spaceflight / Space Environment,MODERATE (Long-Duration Crew Health Factor),Artificial Gravity via Centrifugation (0.38g - 1.0g Intermittent),Emerging Evidence,Consistent preliminary data; broader longitudinal validation required for Moon-Mars transit regimes.
368,"Growth and antifungal resistance of the pathogenic yeast, Candida albicans, in the microgravity environment of the International Space Station: An aggregate of multiple flight experiences.",PMC8067245,https://www.ncbi.nlm.nih.gov/pmc/articles/PMC8067245/,Microbiology & Biofilms,Microbial / Microorganisms,ISS (International Space Station),MODERATE (Long-Duration Crew Health Factor),Artificial Gravity via Centrifugation (0.38g - 1.0g Intermittent),Emerging Evidence,Consistent preliminary data; broader longitudinal validation required for Moon-Mars transit regimes.
369,NASA GeneLab RNA-Seq Consensus Pipeline: Standardized Processing of Short-Read RNA-Seq Data,PMC8044432,https://www.ncbi.nlm.nih.gov/pmc/articles/PMC8044432/,"Omics, Mitochondria & Cellular Stress",Cross-Species / General Model,Spaceflight / Space Environment,MODERATE (Long-Duration Crew Health Factor),Artificial Gravity via Centrifugation (0.38g - 1.0g Intermittent),Emerging Evidence,Consistent preliminary data; broader longitudinal validation required for Moon-Mars transit regimes.
370,Challenges and considerations for single-cell and spatially resolved transcriptomics sample collection during spaceflight.,PMC9701605,https://www.ncbi.nlm.nih.gov/pmc/articles/PMC9701605/,"Omics, Mitochondria & Cellular Stress",Mus musculus (Rodents),Spaceflight / Space Environment,MODERATE (Long-Duration Crew Health Factor),Artificial Gravity via Centrifugation (0.38g - 1.0g Intermittent),Emerging Evidence,Consistent preliminary data; broader longitudinal validation required for Moon-Mars transit regimes.
371,Direct RNA sequencing of astronaut blood reveals spaceflight-associated m6A increases and hematopoietic transcriptional responses,PMC11166648,https://www.ncbi.nlm.nih.gov/pmc/articles/PMC11166648/,General Space Biology & Life Support,Homo sapiens (Humans),Spaceflight / Space Environment,MODERATE (Long-Duration Crew Health Factor),Artificial Gravity via Centrifugation (0.38g - 1.0g Intermittent),Emerging Evidence,Consistent preliminary data; broader longitudinal validation required for Moon-Mars transit regimes.
372,Collection of biospecimens from the inspiration4 mission establishes the standards for the space omics and medical atlas (SOMA),PMC11166662,https://www.ncbi.nlm.nih.gov/pmc/articles/PMC11166662/,Radiation & Deep Space Hazards,Mus musculus (Rodents),ISS (International Space Station),CRITICAL (High Priority for Mars Transit & Lunar Surface),Artificial Gravity via Centrifugation (0.38g - 1.0g Intermittent),Emerging Evidence,Consistent preliminary data; broader longitudinal validation required for Moon-Mars transit regimes.
373,Microfluidics-enabled method to identify modes of Caenorhabditis elegans paralysis in four anthelmintics.,PMC3838407,https://www.ncbi.nlm.nih.gov/pmc/articles/PMC3838407/,Reproductive & Developmental Biology,Caenorhabditis elegans (Worm),Spaceflight / Space Environment,MODERATE (Long-Duration Crew Health Factor),Lower Body Negative Pressure (LBNP) + Saline Hyper-hydration,Emerging Evidence,Consistent preliminary data; broader longitudinal validation required for Moon-Mars transit regimes.
374,Multiparameter behavioral analyses provide insights to mechanisms of cyanide resistance in Caenorhabditis elegans.,PMC3748764,https://www.ncbi.nlm.nih.gov/pmc/articles/PMC3748764/,Reproductive & Developmental Biology,Caenorhabditis elegans (Worm),Spaceflight / Space Environment,MODERATE (Long-Duration Crew Health Factor),Artificial Gravity via Centrifugation (0.38g - 1.0g Intermittent),Emerging Evidence,Consistent preliminary data; broader longitudinal validation required for Moon-Mars transit regimes.
375,Growth performance and root transcriptome remodeling of Arabidopsis in response to Mars-like levels of magnesium sulfate.,PMC2925951,https://www.ncbi.nlm.nih.gov/pmc/articles/PMC2925951/,Plant Biology & Space Agriculture,Arabidopsis thaliana (Plants),Spaceflight / Space Environment,MISSION ESSENTIAL (Bioregenerative Food & O2 Systems),Artificial Gravity via Centrifugation (0.38g - 1.0g Intermittent),Emerging Evidence,Consistent preliminary data; broader longitudinal validation required for Moon-Mars transit regimes.
376,The 14-3-3 proteins of Arabidopsis regulate root growth and chloroplast development as components of the photosensory system.,PMC3350920,https://www.ncbi.nlm.nih.gov/pmc/articles/PMC3350920/,Plant Biology & Space Agriculture,Arabidopsis thaliana (Plants),Spaceflight / Space Environment,MISSION ESSENTIAL (Bioregenerative Food & O2 Systems),Artificial Gravity via Centrifugation (0.38g - 1.0g Intermittent),Emerging Evidence,Consistent preliminary data; broader longitudinal validation required for Moon-Mars transit regimes.
377,14-3-3 phosphoprotein interaction networks - does isoform diversity present functional interaction specification?,PMC3422896,https://www.ncbi.nlm.nih.gov/pmc/articles/PMC3422896/,Radiation & Deep Space Hazards,Cross-Species / General Model,Spaceflight / Space Environment,CRITICAL (High Priority for Mars Transit & Lunar Surface),Artificial Gravity via Centrifugation (0.38g - 1.0g Intermittent),Emerging Evidence,Consistent preliminary data; broader longitudinal validation required for Moon-Mars transit regimes.
378,Plant growth strategies are remodeled by spaceflight,PMC11869762,https://www.ncbi.nlm.nih.gov/pmc/articles/PMC11869762/,Plant Biology & Space Agriculture,Mus musculus (Rodents),Spaceflight / Space Environment,MISSION ESSENTIAL (Bioregenerative Food & O2 Systems),Tailored LED Light Spectrum (Far-Red/Blue) + Active Aerated Root Substrates,Emerging Evidence,Consistent preliminary data; broader longitudinal validation required for Moon-Mars transit regimes.
379,Spaceflight transcriptomes: unique responses to a novel environment.,PMC10712242,https://www.ncbi.nlm.nih.gov/pmc/articles/PMC10712242/,"Omics, Mitochondria & Cellular Stress",Cross-Species / General Model,Spaceflight / Space Environment,MODERATE (Long-Duration Crew Health Factor),Artificial Gravity via Centrifugation (0.38g - 1.0g Intermittent),Controversial / Active Debate,Conflicting findings reported between flight durations or between in vitro vs in vivo models. Requires targeted flight trials.
380,Fundamental plant biology enabled by the space shuttle.,PMC6143729,https://www.ncbi.nlm.nih.gov/pmc/articles/PMC6143729/,Plant Biology & Space Agriculture,Arabidopsis thaliana (Plants),Space Shuttle (STS),MISSION ESSENTIAL (Bioregenerative Food & O2 Systems),Tailored LED Light Spectrum (Far-Red/Blue) + Active Aerated Root Substrates,Emerging Evidence,Consistent preliminary data; broader longitudinal validation required for Moon-Mars transit regimes.
381,Organ-specific remodeling of the Arabidopsis transcriptome in response to spaceflight.,PMC10058394,https://www.ncbi.nlm.nih.gov/pmc/articles/PMC10058394/,Radiation & Deep Space Hazards,Arabidopsis thaliana (Plants),Spaceflight / Space Environment,CRITICAL (High Priority for Mars Transit & Lunar Surface),Artificial Gravity via Centrifugation (0.38g - 1.0g Intermittent),Emerging Evidence,Consistent preliminary data; broader longitudinal validation required for Moon-Mars transit regimes.
382,A method for preparing spaceflight RNAlater-fixed Arabidopsis thaliana (Brassicaceae) tissue for scanning electron microscopy.,PMC4103452,https://www.ncbi.nlm.nih.gov/pmc/articles/PMC4103452/,Plant Biology & Space Agriculture,Arabidopsis thaliana (Plants),ISS (International Space Station),MISSION ESSENTIAL (Bioregenerative Food & O2 Systems),Artificial Gravity via Centrifugation (0.38g - 1.0g Intermittent),Emerging Evidence,Consistent preliminary data; broader longitudinal validation required for Moon-Mars transit regimes.
383,ARG1 Functions in the Physiological Adaptation of Undifferentiated Plant Cells to Spaceflight,PMC8024390,https://www.ncbi.nlm.nih.gov/pmc/articles/PMC8024390/,Plant Biology & Space Agriculture,Arabidopsis thaliana (Plants),Spaceflight / Space Environment,MISSION ESSENTIAL (Bioregenerative Food & O2 Systems),Tailored LED Light Spectrum (Far-Red/Blue) + Active Aerated Root Substrates,Emerging Evidence,Consistent preliminary data; broader longitudinal validation required for Moon-Mars transit regimes.
384,A Member of the CONSTANS-Like Protein Family is a Putative Regulator of ROS Homeostasis and Spaceflight Physiological Adaptation,PMC6348315,https://www.ncbi.nlm.nih.gov/pmc/articles/PMC6348315/,"Omics, Mitochondria & Cellular Stress",Cross-Species / General Model,Spaceflight / Space Environment,MODERATE (Long-Duration Crew Health Factor),Artificial Gravity via Centrifugation (0.38g - 1.0g Intermittent),Emerging Evidence,Consistent preliminary data; broader longitudinal validation required for Moon-Mars transit regimes.
385,HSFA2 Functions in the Physiological Adaptation of Undifferentiated Plant Cells to Spaceflight.,PMC6359015,https://www.ncbi.nlm.nih.gov/pmc/articles/PMC6359015/,Plant Biology & Space Agriculture,Arabidopsis thaliana (Plants),Spaceflight / Space Environment,MISSION ESSENTIAL (Bioregenerative Food & O2 Systems),Tailored LED Light Spectrum (Far-Red/Blue) + Active Aerated Root Substrates,Emerging Evidence,Consistent preliminary data; broader longitudinal validation required for Moon-Mars transit regimes.
386,Neutrophil to Lymphocyte ratio: A biomarker to monitor the immune status of astronauts.,PMC7667275,https://www.ncbi.nlm.nih.gov/pmc/articles/PMC7667275/,Immunology & Infection,Mus musculus (Rodents),Spaceflight / Space Environment,HIGH (Requires Active Countermeasures & Monitoring),"Probiotics, Microbial Air Filtration, Antimicrobial Copper Surfaces",Emerging Evidence,Consistent preliminary data; broader longitudinal validation required for Moon-Mars transit regimes.
387,Beyond low-Earth orbit: Characterizing immune and microRNA differentials following simulated deep spaceflight conditions in mice.,PMC7756144,https://www.ncbi.nlm.nih.gov/pmc/articles/PMC7756144/,Immunology & Infection,Mus musculus (Rodents),Spaceflight / Space Environment,HIGH (Requires Active Countermeasures & Monitoring),"Probiotics, Microbial Air Filtration, Antimicrobial Copper Surfaces",Controversial / Active Debate,Conflicting findings reported between flight durations or between in vitro vs in vivo models. Requires targeted flight trials.
388,Immunological and hematological outcomes following protracted low dose/low dose rate ionizing radiation and simulated microgravity,PMC8169688,https://www.ncbi.nlm.nih.gov/pmc/articles/PMC8169688/,Radiation & Deep Space Hazards,Mus musculus (Rodents),Ground Analog (Clinostat / Hindlimb / Bedrest),CRITICAL (High Priority for Mars Transit & Lunar Surface),Hydrocarbon Polymer/Water Shielding + Radioprotective Bio-agents,Emerging Evidence,Consistent preliminary data; broader longitudinal validation required for Moon-Mars transit regimes.
389,Epigenomic regulators elongator complex subunit 2 and methyltransferase 1 differentially condition the spaceflight response in Arabidopsis,PMC8475764,https://www.ncbi.nlm.nih.gov/pmc/articles/PMC8475764/,Plant Biology & Space Agriculture,Arabidopsis thaliana (Plants),Spaceflight / Space Environment,MISSION ESSENTIAL (Bioregenerative Food & O2 Systems),Artificial Gravity via Centrifugation (0.38g - 1.0g Intermittent),Controversial / Active Debate,Conflicting findings reported between flight durations or between in vitro vs in vivo models. Requires targeted flight trials.
390,Plants grown in Apollo lunar regolith present stress-associated transcriptomes that inform prospects for lunar exploration,PMC9098553,https://www.ncbi.nlm.nih.gov/pmc/articles/PMC9098553/,Radiation & Deep Space Hazards,Mus musculus (Rodents),Spaceflight / Space Environment,CRITICAL (High Priority for Mars Transit & Lunar Surface),Tailored LED Light Spectrum (Far-Red/Blue) + Active Aerated Root Substrates,Emerging Evidence,Consistent preliminary data; broader longitudinal validation required for Moon-Mars transit regimes.
391,Artificial gravity partially protects space-induced neurological deficits in Drosophila melanogaster.,PMC10503492,https://www.ncbi.nlm.nih.gov/pmc/articles/PMC10503492/,Neuroscience & Vision (SANS),Drosophila melanogaster (Fruit Fly),Spaceflight / Space Environment,HIGH (Requires Active Countermeasures & Monitoring),Artificial Gravity via Centrifugation (0.38g - 1.0g Intermittent),Emerging Evidence,Consistent preliminary data; broader longitudinal validation required for Moon-Mars transit regimes.
392,Utilizing the KSC fixation tube to conduct human-tended plant biology experiments on a suborbital spaceflight,PMC9693084,https://www.ncbi.nlm.nih.gov/pmc/articles/PMC9693084/,Plant Biology & Space Agriculture,Homo sapiens (Humans),Spaceflight / Space Environment,MISSION ESSENTIAL (Bioregenerative Food & O2 Systems),Tailored LED Light Spectrum (Far-Red/Blue) + Active Aerated Root Substrates,Emerging Evidence,Consistent preliminary data; broader longitudinal validation required for Moon-Mars transit regimes.
393,Changes in Mouse Thymus and Spleen after Return from the STS-135 Mission in Space,PMC3792163,https://www.ncbi.nlm.nih.gov/pmc/articles/PMC3792163/,Immunology & Infection,Mus musculus (Rodents),ISS (International Space Station),HIGH (Requires Active Countermeasures & Monitoring),Artificial Gravity via Centrifugation (0.38g - 1.0g Intermittent),Emerging Evidence,Consistent preliminary data; broader longitudinal validation required for Moon-Mars transit regimes.
394,Post-Spaceflight (STS-135) Mouse Splenocytes Demonstrate Altered Activation Properties and Surface Molecule Expression.,PMC4430214,https://www.ncbi.nlm.nih.gov/pmc/articles/PMC4430214/,General Space Biology & Life Support,Mus musculus (Rodents),Space Shuttle (STS),MODERATE (Long-Duration Crew Health Factor),Artificial Gravity via Centrifugation (0.38g - 1.0g Intermittent),Emerging Evidence,Consistent preliminary data; broader longitudinal validation required for Moon-Mars transit regimes.
395,Changes in the distribution and function of leukocytes after whole-body iron ion irradiation.,PMC5045078,https://www.ncbi.nlm.nih.gov/pmc/articles/PMC5045078/,Radiation & Deep Space Hazards,Cross-Species / General Model,Spaceflight / Space Environment,CRITICAL (High Priority for Mars Transit & Lunar Surface),Hydrocarbon Polymer/Water Shielding + Radioprotective Bio-agents,Emerging Evidence,Consistent preliminary data; broader longitudinal validation required for Moon-Mars transit regimes.
396,Is spaceflight-induced immune dysfunction linked to systemic changes in metabolism?,PMC5443495,https://www.ncbi.nlm.nih.gov/pmc/articles/PMC5443495/,Immunology & Infection,Cross-Species / General Model,Spaceflight / Space Environment,HIGH (Requires Active Countermeasures & Monitoring),"Probiotics, Microbial Air Filtration, Antimicrobial Copper Surfaces",Emerging Evidence,Consistent preliminary data; broader longitudinal validation required for Moon-Mars transit regimes.
397,Spaceflight Activates Autophagy Programs and the Proteasome in Mouse Liver,PMC5666744,https://www.ncbi.nlm.nih.gov/pmc/articles/PMC5666744/,General Space Biology & Life Support,Mus musculus (Rodents),Spaceflight / Space Environment,MODERATE (Long-Duration Crew Health Factor),Artificial Gravity via Centrifugation (0.38g - 1.0g Intermittent),Emerging Evidence,Consistent preliminary data; broader longitudinal validation required for Moon-Mars transit regimes.
398,Vive la radior√©sistance!: Converging research in radiobiology and biogerontology to enhance human radioresistance for deep space exploration and colonization.,PMC5865701,https://www.ncbi.nlm.nih.gov/pmc/articles/PMC5865701/,General Space Biology & Life Support,Mus musculus (Rodents),Spaceflight / Space Environment,MODERATE (Long-Duration Crew Health Factor),Artificial Gravity via Centrifugation (0.38g - 1.0g Intermittent),Emerging Evidence,Consistent preliminary data; broader longitudinal validation required for Moon-Mars transit regimes.
399,Proteomic analysis of mouse brain subjected to spaceflight.,PMC6337482,https://www.ncbi.nlm.nih.gov/pmc/articles/PMC6337482/,Neuroscience & Vision (SANS),Mus musculus (Rodents),Spaceflight / Space Environment,HIGH (Requires Active Countermeasures & Monitoring),Artificial Gravity via Centrifugation (0.38g - 1.0g Intermittent),Emerging Evidence,Consistent preliminary data; broader longitudinal validation required for Moon-Mars transit regimes.
400,Transcriptomic effects on the mouse heart following 30 days on the International Space Station.,PMC9953463,https://www.ncbi.nlm.nih.gov/pmc/articles/PMC9953463/,Cardiovascular & Fluid Shifts,Mus musculus (Rodents),ISS (International Space Station),HIGH (Requires Active Countermeasures & Monitoring),Artificial Gravity via Centrifugation (0.38g - 1.0g Intermittent),Emerging Evidence,Consistent preliminary data; broader longitudinal validation required for Moon-Mars transit regimes.
401,Spaceflight-induced gene expression profiles in the mouse brain are attenuated by treatment with the antioxidant BuOE,PMC10487739,https://www.ncbi.nlm.nih.gov/pmc/articles/PMC10487739/,Neuroscience & Vision (SANS),Mus musculus (Rodents),Spaceflight / Space Environment,HIGH (Requires Active Countermeasures & Monitoring),Artificial Gravity via Centrifugation (0.38g - 1.0g Intermittent),Emerging Evidence,Consistent preliminary data; broader longitudinal validation required for Moon-Mars transit regimes.
402,Basal signaling regulates plant growth and development,PMC11942576,https://www.ncbi.nlm.nih.gov/pmc/articles/PMC11942576/,Plant Biology & Space Agriculture,Arabidopsis thaliana (Plants),Spaceflight / Space Environment,MISSION ESSENTIAL (Bioregenerative Food & O2 Systems),Tailored LED Light Spectrum (Far-Red/Blue) + Active Aerated Root Substrates,Emerging Evidence,Consistent preliminary data; broader longitudinal validation required for Moon-Mars transit regimes.
403,Phosphoinositide-signaling is one component of a robust plant defense response,PMC4052902,https://www.ncbi.nlm.nih.gov/pmc/articles/PMC4052902/,Plant Biology & Space Agriculture,Arabidopsis thaliana (Plants),Spaceflight / Space Environment,MISSION ESSENTIAL (Bioregenerative Food & O2 Systems),Tailored LED Light Spectrum (Far-Red/Blue) + Active Aerated Root Substrates,Emerging Evidence,Consistent preliminary data; broader longitudinal validation required for Moon-Mars transit regimes.
404,Uncovering transcriptional responses to fractional gravity in Arabidopsis roots,PMC8539686,https://www.ncbi.nlm.nih.gov/pmc/articles/PMC8539686/,Plant Biology & Space Agriculture,Arabidopsis thaliana (Plants),Spaceflight / Space Environment,MISSION ESSENTIAL (Bioregenerative Food & O2 Systems),Artificial Gravity via Centrifugation (0.38g - 1.0g Intermittent),Emerging Evidence,Consistent preliminary data; broader longitudinal validation required for Moon-Mars transit regimes.
405,Conserved plant transcriptional responses to microgravity from two consecutive spaceflight experiments.,PMC10800490,https://www.ncbi.nlm.nih.gov/pmc/articles/PMC10800490/,Plant Biology & Space Agriculture,Arabidopsis thaliana (Plants),Spaceflight / Space Environment,MISSION ESSENTIAL (Bioregenerative Food & O2 Systems),Tailored LED Light Spectrum (Far-Red/Blue) + Active Aerated Root Substrates,Emerging Evidence,Consistent preliminary data; broader longitudinal validation required for Moon-Mars transit regimes.
406,RNAseq analysis of rodent spaceflight experiments is confounded by sample collection techniques,PMC7756143,https://www.ncbi.nlm.nih.gov/pmc/articles/PMC7756143/,General Space Biology & Life Support,Mus musculus (Rodents),Spaceflight / Space Environment,MODERATE (Long-Duration Crew Health Factor),Artificial Gravity via Centrifugation (0.38g - 1.0g Intermittent),Emerging Evidence,Consistent preliminary data; broader longitudinal validation required for Moon-Mars transit regimes.
407,Functional changes in the snail statocyst system elicited by microgravity,PMC3066201,https://www.ncbi.nlm.nih.gov/pmc/articles/PMC3066201/,General Space Biology & Life Support,Cross-Species / General Model,Spaceflight / Space Environment,MODERATE (Long-Duration Crew Health Factor),Artificial Gravity via Centrifugation (0.38g - 1.0g Intermittent),Emerging Evidence,Consistent preliminary data; broader longitudinal validation required for Moon-Mars transit regimes.
408,Simulated microgravity impairs human NK [natural killer] cell cytotoxic activity against space radiation-relevant leukemic cells,PMC11324864,https://www.ncbi.nlm.nih.gov/pmc/articles/PMC11324864/,Radiation & Deep Space Hazards,Homo sapiens (Humans),Ground Analog (Clinostat / Hindlimb / Bedrest),CRITICAL (High Priority for Mars Transit & Lunar Surface),Hydrocarbon Polymer/Water Shielding + Radioprotective Bio-agents,High Consensus,"Reproduced across independent missions (ISS, Shuttle, Bion-M1). Clear pathological mechanism documented."
409,Multi-analyte biochip (MAB) based on all-solid-state ion-selective electrodes (ASSISE) for physiological research,PMC3665236,https://www.ncbi.nlm.nih.gov/pmc/articles/PMC3665236/,General Space Biology & Life Support,Cross-Species / General Model,Spaceflight / Space Environment,MODERATE (Long-Duration Crew Health Factor),Artificial Gravity via Centrifugation (0.38g - 1.0g Intermittent),Emerging Evidence,Consistent preliminary data; broader longitudinal validation required for Moon-Mars transit regimes.
410,Lab-on-a-chip approaches for space-biology research.,PMC10470837,https://www.ncbi.nlm.nih.gov/pmc/articles/PMC10470837/,General Space Biology & Life Support,Cross-Species / General Model,Spaceflight / Space Environment,MODERATE (Long-Duration Crew Health Factor),Artificial Gravity via Centrifugation (0.38g - 1.0g Intermittent),Emerging Evidence,Consistent preliminary data; broader longitudinal validation required for Moon-Mars transit regimes.
411,Plant chemical genomics: gravity sensing and response.,PMC10386755,https://www.ncbi.nlm.nih.gov/pmc/articles/PMC10386755/,Plant Biology & Space Agriculture,Arabidopsis thaliana (Plants),Spaceflight / Space Environment,MISSION ESSENTIAL (Bioregenerative Food & O2 Systems),Tailored LED Light Spectrum (Far-Red/Blue) + Active Aerated Root Substrates,Emerging Evidence,Consistent preliminary data; broader longitudinal validation required for Moon-Mars transit regimes.
412,The interaction of vortical flows with red cells in venous valve mimics.,PMC8896891,https://www.ncbi.nlm.nih.gov/pmc/articles/PMC8896891/,General Space Biology & Life Support,In Vitro / Cell Culture / Organoid,Spaceflight / Space Environment,MODERATE (Long-Duration Crew Health Factor),Artificial Gravity via Centrifugation (0.38g - 1.0g Intermittent),Emerging Evidence,Consistent preliminary data; broader longitudinal validation required for Moon-Mars transit regimes.
413,Mammalian and Invertebrate Models as Complementary Tools for Gaining Mechanistic Insight on Muscle Responses to Spaceflight,PMC8430797,https://www.ncbi.nlm.nih.gov/pmc/articles/PMC8430797/,Musculoskeletal & Bone Loss,Mus musculus (Rodents),Spaceflight / Space Environment,CRITICAL (High Priority for Mars Transit & Lunar Surface),Nutritional Vitamin D/Calcium + Axial Loading Compression Suit,Emerging Evidence,Consistent preliminary data; broader longitudinal validation required for Moon-Mars transit regimes.
414,Investigation of simulated microgravity effects on Streptococcus mutans physiology and global gene expression.,PMC5460135,https://www.ncbi.nlm.nih.gov/pmc/articles/PMC5460135/,General Space Biology & Life Support,Cross-Species / General Model,Ground Analog (Clinostat / Hindlimb / Bedrest),MODERATE (Long-Duration Crew Health Factor),Artificial Gravity via Centrifugation (0.38g - 1.0g Intermittent),Emerging Evidence,Consistent preliminary data; broader longitudinal validation required for Moon-Mars transit regimes.
415,Altered quorum sensing and physiology of Staphylococcus aureus during spaceflight detected by multi-omics data analysis,PMC10774393,https://www.ncbi.nlm.nih.gov/pmc/articles/PMC10774393/,Microbiology & Biofilms,Microbial / Microorganisms,Spaceflight / Space Environment,MODERATE (Long-Duration Crew Health Factor),Artificial Gravity via Centrifugation (0.38g - 1.0g Intermittent),Emerging Evidence,Consistent preliminary data; broader longitudinal validation required for Moon-Mars transit regimes.
416,Homotypic vacuole fusion requires VTI11 and is regulated by phosphoinositides,PMC6126739,https://www.ncbi.nlm.nih.gov/pmc/articles/PMC6126739/,General Space Biology & Life Support,Cross-Species / General Model,Spaceflight / Space Environment,MODERATE (Long-Duration Crew Health Factor),Artificial Gravity via Centrifugation (0.38g - 1.0g Intermittent),Emerging Evidence,Consistent preliminary data; broader longitudinal validation required for Moon-Mars transit regimes.
417,REGULATOR OF BULB BIOGENESIS1 (RBB1) Is Involved in Vacuole Bulb Formation in Arabidopsis.,PMC4411111,https://www.ncbi.nlm.nih.gov/pmc/articles/PMC4411111/,Plant Biology & Space Agriculture,Arabidopsis thaliana (Plants),Spaceflight / Space Environment,MISSION ESSENTIAL (Bioregenerative Food & O2 Systems),Artificial Gravity via Centrifugation (0.38g - 1.0g Intermittent),Emerging Evidence,Consistent preliminary data; broader longitudinal validation required for Moon-Mars transit regimes.
418,"Phosphoinositides control the localization of HOPS subunit VPS41, which together with VPS33 mediates vacuole fusion in plants.",PMC6126739,https://www.ncbi.nlm.nih.gov/pmc/articles/PMC6126739/,Plant Biology & Space Agriculture,Arabidopsis thaliana (Plants),Spaceflight / Space Environment,MISSION ESSENTIAL (Bioregenerative Food & O2 Systems),Tailored LED Light Spectrum (Far-Red/Blue) + Active Aerated Root Substrates,Emerging Evidence,Consistent preliminary data; broader longitudinal validation required for Moon-Mars transit regimes.
419,Microgravity enhances the phenotype of Arabidopsis zigzag-1 and reduces the Wortmannin-induced vacuole fusion in root cells.,PMC9445043,https://www.ncbi.nlm.nih.gov/pmc/articles/PMC9445043/,Plant Biology & Space Agriculture,Arabidopsis thaliana (Plants),Spaceflight / Space Environment,MISSION ESSENTIAL (Bioregenerative Food & O2 Systems),Artificial Gravity via Centrifugation (0.38g - 1.0g Intermittent),High Consensus,"Reproduced across independent missions (ISS, Shuttle, Bion-M1). Clear pathological mechanism documented."
420,Hypergravity disruption of homeorhetic adaptations to lactation in rat dams include changes in circadian clocks,PMC3509447,https://www.ncbi.nlm.nih.gov/pmc/articles/PMC3509447/,Neuroscience & Vision (SANS),Mus musculus (Rodents),Spaceflight / Space Environment,HIGH (Requires Active Countermeasures & Monitoring),Artificial Gravity via Centrifugation (0.38g - 1.0g Intermittent),Emerging Evidence,Consistent preliminary data; broader longitudinal validation required for Moon-Mars transit regimes.
421,Intrauterine exposure to maternal stress alters Bdnf IV DNA methylation and telomere length in the brain of adult rat offspring.,PMC5600826,https://www.ncbi.nlm.nih.gov/pmc/articles/PMC5600826/,Neuroscience & Vision (SANS),Mus musculus (Rodents),Spaceflight / Space Environment,HIGH (Requires Active Countermeasures & Monitoring),Artificial Gravity via Centrifugation (0.38g - 1.0g Intermittent),Emerging Evidence,Consistent preliminary data; broader longitudinal validation required for Moon-Mars transit regimes.
422,Influence of gonadectomy on muscle health in micro- and partial-gravity environments in rats.,PMC10831389,https://www.ncbi.nlm.nih.gov/pmc/articles/PMC10831389/,Musculoskeletal & Bone Loss,Mus musculus (Rodents),Spaceflight / Space Environment,CRITICAL (High Priority for Mars Transit & Lunar Surface),Nutritional Vitamin D/Calcium + Axial Loading Compression Suit,Emerging Evidence,Consistent preliminary data; broader longitudinal validation required for Moon-Mars transit regimes.
423,Sex differences in muscle health in simulated micro- and partial-gravity environments in rats.,PMC10831389,https://www.ncbi.nlm.nih.gov/pmc/articles/PMC10831389/,Musculoskeletal & Bone Loss,Mus musculus (Rodents),Spaceflight / Space Environment,CRITICAL (High Priority for Mars Transit & Lunar Surface),Nutritional Vitamin D/Calcium + Axial Loading Compression Suit,Emerging Evidence,Consistent preliminary data; broader longitudinal validation required for Moon-Mars transit regimes.
424,Brassinazole resistant 1 (BZR1)-dependent brassinosteroid signalling pathway leads to ectopic activation of quiescent cell division and suppresses columella stem cell differentiation,PMC4507784,https://www.ncbi.nlm.nih.gov/pmc/articles/PMC4507784/,Immunology & Infection,In Vitro / Cell Culture / Organoid,Spaceflight / Space Environment,HIGH (Requires Active Countermeasures & Monitoring),Artificial Gravity via Centrifugation (0.38g - 1.0g Intermittent),Emerging Evidence,Consistent preliminary data; broader longitudinal validation required for Moon-Mars transit regimes.
425,Proteomic study of microsomal proteins reveals a key role for Arabidopsis Annexin 1 in mediating heat stress-induced increase in intracellular calcium levels.,PMC4349987,https://www.ncbi.nlm.nih.gov/pmc/articles/PMC4349987/,Plant Biology & Space Agriculture,Arabidopsis thaliana (Plants),Spaceflight / Space Environment,MISSION ESSENTIAL (Bioregenerative Food & O2 Systems),Artificial Gravity via Centrifugation (0.38g - 1.0g Intermittent),Emerging Evidence,Consistent preliminary data; broader longitudinal validation required for Moon-Mars transit regimes.
426,Apyrase inhibitors enhance the ability of diverse fungicides to inhibit the growth of different plant-pathogenic fungi,PMC6638264,https://www.ncbi.nlm.nih.gov/pmc/articles/PMC6638264/,Plant Biology & Space Agriculture,Arabidopsis thaliana (Plants),Spaceflight / Space Environment,MISSION ESSENTIAL (Bioregenerative Food & O2 Systems),Tailored LED Light Spectrum (Far-Red/Blue) + Active Aerated Root Substrates,Emerging Evidence,Consistent preliminary data; broader longitudinal validation required for Moon-Mars transit regimes.
427,ANN1 and ANN2 Function in Post-Phloem Sugar Transport in Root Tips to Affect Primary Root Growth,PMC6130020,https://www.ncbi.nlm.nih.gov/pmc/articles/PMC6130020/,Plant Biology & Space Agriculture,Arabidopsis thaliana (Plants),Spaceflight / Space Environment,MISSION ESSENTIAL (Bioregenerative Food & O2 Systems),Artificial Gravity via Centrifugation (0.38g - 1.0g Intermittent),Emerging Evidence,Consistent preliminary data; broader longitudinal validation required for Moon-Mars transit regimes.
428,Mitochondria-targeted human catalase in the mouse longevity MCAT model mitigates head-tilt bedrest-induced neuro-inflammation in the hippocampus.,PMC9695374,https://www.ncbi.nlm.nih.gov/pmc/articles/PMC9695374/,Immunology & Infection,Mus musculus (Rodents),Ground Analog (Clinostat / Hindlimb / Bedrest),HIGH (Requires Active Countermeasures & Monitoring),Artificial Gravity via Centrifugation (0.38g - 1.0g Intermittent),Emerging Evidence,Consistent preliminary data; broader longitudinal validation required for Moon-Mars transit regimes.
429,Structural and functional properties of bone are compromised in amyotrophic lateral sclerosis mice.,PMC6141014,https://www.ncbi.nlm.nih.gov/pmc/articles/PMC6141014/,Musculoskeletal & Bone Loss,Mus musculus (Rodents),Spaceflight / Space Environment,CRITICAL (High Priority for Mars Transit & Lunar Surface),Nutritional Vitamin D/Calcium + Axial Loading Compression Suit,Emerging Evidence,Consistent preliminary data; broader longitudinal validation required for Moon-Mars transit regimes.
430,Longitudinal time course of muscle impairments during partial weight-bearing in rats,PMC6706399,https://www.ncbi.nlm.nih.gov/pmc/articles/PMC6706399/,Musculoskeletal & Bone Loss,Mus musculus (Rodents),Spaceflight / Space Environment,CRITICAL (High Priority for Mars Transit & Lunar Surface),Nutritional Vitamin D/Calcium + Axial Loading Compression Suit,Emerging Evidence,Consistent preliminary data; broader longitudinal validation required for Moon-Mars transit regimes.
431,The partial weight-bearing rat model using a pelvic harness does not impact stress or hindlimb blood flow.,PMC12034070,https://www.ncbi.nlm.nih.gov/pmc/articles/PMC12034070/,General Space Biology & Life Support,Mus musculus (Rodents),Ground Analog (Clinostat / Hindlimb / Bedrest),MODERATE (Long-Duration Crew Health Factor),Artificial Gravity via Centrifugation (0.38g - 1.0g Intermittent),Emerging Evidence,Consistent preliminary data; broader longitudinal validation required for Moon-Mars transit regimes.
432,Dose-dependent skeletal deficits due to varied reductions in mechanical loading in rats.,PMC7235020,https://www.ncbi.nlm.nih.gov/pmc/articles/PMC7235020/,Musculoskeletal & Bone Loss,Mus musculus (Rodents),Spaceflight / Space Environment,CRITICAL (High Priority for Mars Transit & Lunar Surface),Artificial Gravity via Centrifugation (0.38g - 1.0g Intermittent),Emerging Evidence,Consistent preliminary data; broader longitudinal validation required for Moon-Mars transit regimes.
433,Approaching Gravity as a Continuum Using the Rat Partial Weight-Bearing Model,PMC7599661,https://www.ncbi.nlm.nih.gov/pmc/articles/PMC7599661/,General Space Biology & Life Support,Mus musculus (Rodents),Spaceflight / Space Environment,MODERATE (Long-Duration Crew Health Factor),Artificial Gravity via Centrifugation (0.38g - 1.0g Intermittent),Emerging Evidence,Consistent preliminary data; broader longitudinal validation required for Moon-Mars transit regimes.
434,Hindlimb suspension in Wistar rats: Sex-based differences in muscle response,PMC8493566,https://www.ncbi.nlm.nih.gov/pmc/articles/PMC8493566/,Musculoskeletal & Bone Loss,Mus musculus (Rodents),Ground Analog (Clinostat / Hindlimb / Bedrest),CRITICAL (High Priority for Mars Transit & Lunar Surface),Nutritional Vitamin D/Calcium + Axial Loading Compression Suit,Emerging Evidence,Consistent preliminary data; broader longitudinal validation required for Moon-Mars transit regimes.
435,Adaptation to full weight-bearing following disuse in rats: The impact of biological sex on musculoskeletal recovery,PMC10926278,https://www.ncbi.nlm.nih.gov/pmc/articles/PMC10926278/,Musculoskeletal & Bone Loss,Mus musculus (Rodents),Spaceflight / Space Environment,CRITICAL (High Priority for Mars Transit & Lunar Surface),Artificial Gravity via Centrifugation (0.38g - 1.0g Intermittent),Emerging Evidence,Consistent preliminary data; broader longitudinal validation required for Moon-Mars transit regimes.
436,Effects of liquid cultivation on gene expression and phenotype of C. elegans.,PMC6069985,https://www.ncbi.nlm.nih.gov/pmc/articles/PMC6069985/,Reproductive & Developmental Biology,Caenorhabditis elegans (Worm),Spaceflight / Space Environment,MODERATE (Long-Duration Crew Health Factor),Artificial Gravity via Centrifugation (0.38g - 1.0g Intermittent),Emerging Evidence,Consistent preliminary data; broader longitudinal validation required for Moon-Mars transit regimes.
437,Transcriptomic Signature of the Simulated Microgravity Response in Caenorhabditis elegans and Comparison to Spaceflight Experiments.,PMC9856674,https://www.ncbi.nlm.nih.gov/pmc/articles/PMC9856674/,"Omics, Mitochondria & Cellular Stress",Caenorhabditis elegans (Worm),Ground Analog (Clinostat / Hindlimb / Bedrest),MODERATE (Long-Duration Crew Health Factor),Artificial Gravity via Centrifugation (0.38g - 1.0g Intermittent),Emerging Evidence,Consistent preliminary data; broader longitudinal validation required for Moon-Mars transit regimes.
438,Enabling clonal analyses of yeast in outer space by encapsulation and desiccation in hollow microparticles.,PMC9410522,https://www.ncbi.nlm.nih.gov/pmc/articles/PMC9410522/,Plant Biology & Space Agriculture,Arabidopsis thaliana (Plants),Spaceflight / Space Environment,MISSION ESSENTIAL (Bioregenerative Food & O2 Systems),Artificial Gravity via Centrifugation (0.38g - 1.0g Intermittent),Emerging Evidence,Consistent preliminary data; broader longitudinal validation required for Moon-Mars transit regimes.
439,Caenorhabditis elegans in microgravity: An omics perspective,PMC10344948,https://www.ncbi.nlm.nih.gov/pmc/articles/PMC10344948/,Radiation & Deep Space Hazards,Caenorhabditis elegans (Worm),Spaceflight / Space Environment,CRITICAL (High Priority for Mars Transit & Lunar Surface),Artificial Gravity via Centrifugation (0.38g - 1.0g Intermittent),Emerging Evidence,Consistent preliminary data; broader longitudinal validation required for Moon-Mars transit regimes.
440,Dried plum diet protects from bone loss caused by ionizing radiation,PMC4750446,https://www.ncbi.nlm.nih.gov/pmc/articles/PMC4750446/,Musculoskeletal & Bone Loss,Cross-Species / General Model,Spaceflight / Space Environment,CRITICAL (High Priority for Mars Transit & Lunar Surface),Nutritional Vitamin D/Calcium + Axial Loading Compression Suit,High Consensus,"Reproduced across independent missions (ISS, Shuttle, Bion-M1). Clear pathological mechanism documented."
441,Dietary countermeasure mitigates simulated spaceflight-induced osteopenia in mice,PMC7162976,https://www.ncbi.nlm.nih.gov/pmc/articles/PMC7162976/,General Space Biology & Life Support,Mus musculus (Rodents),Spaceflight / Space Environment,MODERATE (Long-Duration Crew Health Factor),Artificial Gravity via Centrifugation (0.38g - 1.0g Intermittent),Emerging Evidence,Consistent preliminary data; broader longitudinal validation required for Moon-Mars transit regimes.
442,Simulated microgravity alters gene regulation linked to immunity and cardiovascular disease,PMC11353732,https://www.ncbi.nlm.nih.gov/pmc/articles/PMC11353732/,Cardiovascular & Fluid Shifts,Cross-Species / General Model,Ground Analog (Clinostat / Hindlimb / Bedrest),HIGH (Requires Active Countermeasures & Monitoring),Lower Body Negative Pressure (LBNP) + Saline Hyper-hydration,Emerging Evidence,Consistent preliminary data; broader longitudinal validation required for Moon-Mars transit regimes.
443,Autophagy and its consequences for platelet biology,PMC11953390,https://www.ncbi.nlm.nih.gov/pmc/articles/PMC11953390/,General Space Biology & Life Support,Cross-Species / General Model,Spaceflight / Space Environment,MODERATE (Long-Duration Crew Health Factor),Artificial Gravity via Centrifugation (0.38g - 1.0g Intermittent),Emerging Evidence,Consistent preliminary data; broader longitudinal validation required for Moon-Mars transit regimes.
444,A new role of NAP1L1 in megakaryocytes and human platelets,PMC9737020,https://www.ncbi.nlm.nih.gov/pmc/articles/PMC9737020/,General Space Biology & Life Support,Homo sapiens (Humans),Spaceflight / Space Environment,MODERATE (Long-Duration Crew Health Factor),Artificial Gravity via Centrifugation (0.38g - 1.0g Intermittent),Emerging Evidence,Consistent preliminary data; broader longitudinal validation required for Moon-Mars transit regimes.
445,Evaluation of rodent spaceflight in the NASA animal enclosure module for an extended operational period (up to 35 days),PMC5515519,https://www.ncbi.nlm.nih.gov/pmc/articles/PMC5515519/,General Space Biology & Life Support,Mus musculus (Rodents),Spaceflight / Space Environment,MODERATE (Long-Duration Crew Health Factor),Artificial Gravity via Centrifugation (0.38g - 1.0g Intermittent),Emerging Evidence,Consistent preliminary data; broader longitudinal validation required for Moon-Mars transit regimes.
446,Morphology of Penicillium rubens Biofilms Formed in Space,PMC10144393,https://www.ncbi.nlm.nih.gov/pmc/articles/PMC10144393/,Microbiology & Biofilms,Microbial / Microorganisms,Spaceflight / Space Environment,MODERATE (Long-Duration Crew Health Factor),Artificial Gravity via Centrifugation (0.38g - 1.0g Intermittent),Emerging Evidence,Consistent preliminary data; broader longitudinal validation required for Moon-Mars transit regimes.
447,Explainable machine learning identifies multi-omics signatures of muscle response to spaceflight in mice,PMC10719374,https://www.ncbi.nlm.nih.gov/pmc/articles/PMC10719374/,Musculoskeletal & Bone Loss,Mus musculus (Rodents),Spaceflight / Space Environment,CRITICAL (High Priority for Mars Transit & Lunar Surface),Nutritional Vitamin D/Calcium + Axial Loading Compression Suit,Emerging Evidence,Consistent preliminary data; broader longitudinal validation required for Moon-Mars transit regimes.
448,Microbial adaptation to spaceflight is correlated with bacteriophage-encoded functions,PMC11096397,https://www.ncbi.nlm.nih.gov/pmc/articles/PMC11096397/,Microbiology & Biofilms,Cross-Species / General Model,Spaceflight / Space Environment,MODERATE (Long-Duration Crew Health Factor),"Probiotics, Microbial Air Filtration, Antimicrobial Copper Surfaces",Emerging Evidence,Consistent preliminary data; broader longitudinal validation required for Moon-Mars transit regimes.
449,Influence of the spaceflight environment on macrophage lineages,PMC11166655,https://www.ncbi.nlm.nih.gov/pmc/articles/PMC11166655/,Plant Biology & Space Agriculture,Arabidopsis thaliana (Plants),Spaceflight / Space Environment,MISSION ESSENTIAL (Bioregenerative Food & O2 Systems),Artificial Gravity via Centrifugation (0.38g - 1.0g Intermittent),Emerging Evidence,Consistent preliminary data; broader longitudinal validation required for Moon-Mars transit regimes.
450,MARSBOx: Fungal and bacterial endurance from a balloon-flown analog mission in the stratosphere,PMC7937622,https://www.ncbi.nlm.nih.gov/pmc/articles/PMC7937622/,Microbiology & Biofilms,Mus musculus (Rodents),ISS (International Space Station),MODERATE (Long-Duration Crew Health Factor),Artificial Gravity via Centrifugation (0.38g - 1.0g Intermittent),Emerging Evidence,Consistent preliminary data; broader longitudinal validation required for Moon-Mars transit regimes.
451,In situ linkage of fungal and bacterial proliferation to microbiologically influenced corrosion in B20 biodiesel storage tanks.,PMC7055474,https://www.ncbi.nlm.nih.gov/pmc/articles/PMC7055474/,Microbiology & Biofilms,Mus musculus (Rodents),Spaceflight / Space Environment,MODERATE (Long-Duration Crew Health Factor),"Probiotics, Microbial Air Filtration, Antimicrobial Copper Surfaces",Emerging Evidence,Consistent preliminary data; broader longitudinal validation required for Moon-Mars transit regimes.
452,"Identification of metagenome-assembled genomes containing antimicrobial resistance genes, isolated from an advanced water treatment facility.",PMC7118179,https://www.ncbi.nlm.nih.gov/pmc/articles/PMC7118179/,Microbiology & Biofilms,Cross-Species / General Model,Spaceflight / Space Environment,MODERATE (Long-Duration Crew Health Factor),"Probiotics, Microbial Air Filtration, Antimicrobial Copper Surfaces",Emerging Evidence,Consistent preliminary data; broader longitudinal validation required for Moon-Mars transit regimes.
453,Nature of pre-earthquake phenomena and their effects on living organisms,PMC4494396,https://www.ncbi.nlm.nih.gov/pmc/articles/PMC4494396/,General Space Biology & Life Support,Cross-Species / General Model,Spaceflight / Space Environment,MODERATE (Long-Duration Crew Health Factor),Artificial Gravity via Centrifugation (0.38g - 1.0g Intermittent),Emerging Evidence,Consistent preliminary data; broader longitudinal validation required for Moon-Mars transit regimes.
454,The rapid diagnosis and effective inhibition of coronavirus using spike antibody attached gold nanoparticles,PMC8323809,https://www.ncbi.nlm.nih.gov/pmc/articles/PMC8323809/,Immunology & Infection,Cross-Species / General Model,Spaceflight / Space Environment,HIGH (Requires Active Countermeasures & Monitoring),Artificial Gravity via Centrifugation (0.38g - 1.0g Intermittent),Emerging Evidence,Consistent preliminary data; broader longitudinal validation required for Moon-Mars transit regimes.
455,Blocking SARS-CoV-2 Delta variant (B.1.617.2) spike protein receptor-binding domain binding with the ACE2 receptor of the host cell and inhibiting virus infections using human host defense peptide-conjugated graphene quantum dots.,PMC8886715,https://www.ncbi.nlm.nih.gov/pmc/articles/PMC8886715/,Immunology & Infection,Homo sapiens (Humans),Spaceflight / Space Environment,HIGH (Requires Active Countermeasures & Monitoring),Artificial Gravity via Centrifugation (0.38g - 1.0g Intermittent),Emerging Evidence,Consistent preliminary data; broader longitudinal validation required for Moon-Mars transit regimes.
456,Safety and pharmacokinetics of intranasally administered heparin,PMC8890767,https://www.ncbi.nlm.nih.gov/pmc/articles/PMC8890767/,General Space Biology & Life Support,Cross-Species / General Model,Spaceflight / Space Environment,MODERATE (Long-Duration Crew Health Factor),Artificial Gravity via Centrifugation (0.38g - 1.0g Intermittent),Emerging Evidence,Consistent preliminary data; broader longitudinal validation required for Moon-Mars transit regimes.
457,Inhibition of SARS-CoV-2 wild-type (Wuhan-Hu-1) and Delta (B.1.617.2) strains by marine sulfated glycans.,PMC9487896,https://www.ncbi.nlm.nih.gov/pmc/articles/PMC9487896/,General Space Biology & Life Support,Cross-Species / General Model,Spaceflight / Space Environment,MODERATE (Long-Duration Crew Health Factor),Artificial Gravity via Centrifugation (0.38g - 1.0g Intermittent),Emerging Evidence,Consistent preliminary data; broader longitudinal validation required for Moon-Mars transit regimes.
458,Inhibition of Cytomegalovirus by Pentacta pygmaea Fucosylated Chondroitin Sulfate Depends on Its Molecular Weight,PMC10142442,https://www.ncbi.nlm.nih.gov/pmc/articles/PMC10142442/,General Space Biology & Life Support,Cross-Species / General Model,Spaceflight / Space Environment,MODERATE (Long-Duration Crew Health Factor),Artificial Gravity via Centrifugation (0.38g - 1.0g Intermittent),Emerging Evidence,Consistent preliminary data; broader longitudinal validation required for Moon-Mars transit regimes.
459,Effect of simulated cosmic radiation on cytomegalovirus reactivation and lytic replication,PMC11477029,https://www.ncbi.nlm.nih.gov/pmc/articles/PMC11477029/,Radiation & Deep Space Hazards,Cross-Species / General Model,Spaceflight / Space Environment,CRITICAL (High Priority for Mars Transit & Lunar Surface),Hydrocarbon Polymer/Water Shielding + Radioprotective Bio-agents,Emerging Evidence,Consistent preliminary data; broader longitudinal validation required for Moon-Mars transit regimes.
460,A Tissue Retrieval and Postharvest Processing Regimen for Rodent Reproductive Tissues Compatible with Long-Term Storage on the International Space Station and Postflight Biospecimen Sharing Program,PMC4309301,https://www.ncbi.nlm.nih.gov/pmc/articles/PMC4309301/,Radiation & Deep Space Hazards,Mus musculus (Rodents),ISS (International Space Station),CRITICAL (High Priority for Mars Transit & Lunar Surface),Artificial Gravity via Centrifugation (0.38g - 1.0g Intermittent),Emerging Evidence,Consistent preliminary data; broader longitudinal validation required for Moon-Mars transit regimes.
461,Effects of sex and gender on adaptations to space: reproductive health,PMC11166981,https://www.ncbi.nlm.nih.gov/pmc/articles/PMC11166981/,Reproductive & Developmental Biology,Cross-Species / General Model,Spaceflight / Space Environment,MODERATE (Long-Duration Crew Health Factor),Artificial Gravity via Centrifugation (0.38g - 1.0g Intermittent),Emerging Evidence,Consistent preliminary data; broader longitudinal validation required for Moon-Mars transit regimes.
462,Effects of spaceflight on the muscles of the murine shoulder.,PMC6343501,https://www.ncbi.nlm.nih.gov/pmc/articles/PMC6343501/,Musculoskeletal & Bone Loss,Mus musculus (Rodents),Spaceflight / Space Environment,CRITICAL (High Priority for Mars Transit & Lunar Surface),Nutritional Vitamin D/Calcium + Axial Loading Compression Suit,Emerging Evidence,Consistent preliminary data; broader longitudinal validation required for Moon-Mars transit regimes.
463,Multiscale effects of spaceflight on murine tendon and bone,PMC7138367,https://www.ncbi.nlm.nih.gov/pmc/articles/PMC7138367/,Musculoskeletal & Bone Loss,Mus musculus (Rodents),Spaceflight / Space Environment,CRITICAL (High Priority for Mars Transit & Lunar Surface),Nutritional Vitamin D/Calcium + Axial Loading Compression Suit,Emerging Evidence,Consistent preliminary data; broader longitudinal validation required for Moon-Mars transit regimes.
464,Reproducible changes in the gut microbiome suggest a shift in microbial and host metabolism during spaceflight.,PMC6689164,https://www.ncbi.nlm.nih.gov/pmc/articles/PMC6689164/,Microbiology & Biofilms,Cross-Species / General Model,Spaceflight / Space Environment,MODERATE (Long-Duration Crew Health Factor),"Probiotics, Microbial Air Filtration, Antimicrobial Copper Surfaces",Emerging Evidence,Consistent preliminary data; broader longitudinal validation required for Moon-Mars transit regimes.
465,Failure to Generate Bone Marrow Adipocytes Does Not Protect Mice from Ovariectomy-Induced Osteopenia,PMC3564669,https://www.ncbi.nlm.nih.gov/pmc/articles/PMC3564669/,Musculoskeletal & Bone Loss,Mus musculus (Rodents),Spaceflight / Space Environment,CRITICAL (High Priority for Mars Transit & Lunar Surface),Nutritional Vitamin D/Calcium + Axial Loading Compression Suit,Emerging Evidence,Consistent preliminary data; broader longitudinal validation required for Moon-Mars transit regimes.
466,Acute exposure to high dose gamma-radiation results in transient activation of bone lining cells,PMC4042434,https://www.ncbi.nlm.nih.gov/pmc/articles/PMC4042434/,Musculoskeletal & Bone Loss,In Vitro / Cell Culture / Organoid,Spaceflight / Space Environment,CRITICAL (High Priority for Mars Transit & Lunar Surface),Nutritional Vitamin D/Calcium + Axial Loading Compression Suit,Controversial / Active Debate,Conflicting findings reported between flight durations or between in vitro vs in vivo models. Requires targeted flight trials.
467,Morbid obesity attenuates the skeletal abnormalities associated with leptin deficiency in mice,PMC4161659,https://www.ncbi.nlm.nih.gov/pmc/articles/PMC4161659/,Musculoskeletal & Bone Loss,Mus musculus (Rodents),Spaceflight / Space Environment,CRITICAL (High Priority for Mars Transit & Lunar Surface),Artificial Gravity via Centrifugation (0.38g - 1.0g Intermittent),Emerging Evidence,Consistent preliminary data; broader longitudinal validation required for Moon-Mars transit regimes.
468,Hypothalamic leptin gene therapy reduces body weight without accelerating age-related bone loss,PMC4917201,https://www.ncbi.nlm.nih.gov/pmc/articles/PMC4917201/,Musculoskeletal & Bone Loss,Mus musculus (Rodents),Spaceflight / Space Environment,CRITICAL (High Priority for Mars Transit & Lunar Surface),Nutritional Vitamin D/Calcium + Axial Loading Compression Suit,High Consensus,"Reproduced across independent missions (ISS, Shuttle, Bion-M1). Clear pathological mechanism documented."
469,Hypothalamic Leptin Gene Therapy Reduces Bone Marrow Adiposity in ob/ob Mice Fed Regular and High-Fat Diets.,PMC4985531,https://www.ncbi.nlm.nih.gov/pmc/articles/PMC4985531/,Musculoskeletal & Bone Loss,Mus musculus (Rodents),Spaceflight / Space Environment,CRITICAL (High Priority for Mars Transit & Lunar Surface),Nutritional Vitamin D/Calcium + Axial Loading Compression Suit,High Consensus,"Reproduced across independent missions (ISS, Shuttle, Bion-M1). Clear pathological mechanism documented."
470,Room temperature housing results in premature cancellous bone loss in growing female mice: implications for the mouse as a preclinical model for age-related bone loss.,PMC5421618,https://www.ncbi.nlm.nih.gov/pmc/articles/PMC5421618/,Musculoskeletal & Bone Loss,Mus musculus (Rodents),Spaceflight / Space Environment,CRITICAL (High Priority for Mars Transit & Lunar Surface),Nutritional Vitamin D/Calcium + Axial Loading Compression Suit,High Consensus,"Reproduced across independent missions (ISS, Shuttle, Bion-M1). Clear pathological mechanism documented."
471,Spaceflight-induced vertebral bone loss in ovariectomized rats is associated with increased bone marrow adiposity and no change in bone formation,PMC5515514,https://www.ncbi.nlm.nih.gov/pmc/articles/PMC5515514/,Musculoskeletal & Bone Loss,Mus musculus (Rodents),Spaceflight / Space Environment,CRITICAL (High Priority for Mars Transit & Lunar Surface),Nutritional Vitamin D/Calcium + Axial Loading Compression Suit,High Consensus,"Reproduced across independent missions (ISS, Shuttle, Bion-M1). Clear pathological mechanism documented."
472,Role of oestrogen receptor signaling in skeletal response to leptin in female ob/ob mice.,PMC8671758,https://www.ncbi.nlm.nih.gov/pmc/articles/PMC8671758/,Musculoskeletal & Bone Loss,Mus musculus (Rodents),Spaceflight / Space Environment,CRITICAL (High Priority for Mars Transit & Lunar Surface),Artificial Gravity via Centrifugation (0.38g - 1.0g Intermittent),Emerging Evidence,Consistent preliminary data; broader longitudinal validation required for Moon-Mars transit regimes.
473,Effects of hypothalamic leptin gene therapy on osteopetrosis in leptin-deficient mice.,PMC5771473,https://www.ncbi.nlm.nih.gov/pmc/articles/PMC5771473/,"Omics, Mitochondria & Cellular Stress",Mus musculus (Rodents),Spaceflight / Space Environment,MODERATE (Long-Duration Crew Health Factor),Artificial Gravity via Centrifugation (0.38g - 1.0g Intermittent),Emerging Evidence,Consistent preliminary data; broader longitudinal validation required for Moon-Mars transit regimes.
474,Leptin stimulates bone formation in ob/ob mice at doses having minimal impact on energy metabolism.,PMC5288125,https://www.ncbi.nlm.nih.gov/pmc/articles/PMC5288125/,Musculoskeletal & Bone Loss,Mus musculus (Rodents),Spaceflight / Space Environment,CRITICAL (High Priority for Mars Transit & Lunar Surface),Nutritional Vitamin D/Calcium + Axial Loading Compression Suit,Emerging Evidence,Consistent preliminary data; broader longitudinal validation required for Moon-Mars transit regimes.
475,Bone Marrow Adipose Tissue Deficiency Increases Disuse-Induced Bone Loss in Male Mice,PMC5389344,https://www.ncbi.nlm.nih.gov/pmc/articles/PMC5389344/,Musculoskeletal & Bone Loss,Mus musculus (Rodents),ISS (International Space Station),CRITICAL (High Priority for Mars Transit & Lunar Surface),Nutritional Vitamin D/Calcium + Axial Loading Compression Suit,High Consensus,"Reproduced across independent missions (ISS, Shuttle, Bion-M1). Clear pathological mechanism documented."
476,Metabolic Coupling Between Bone Marrow Adipose Tissue and Hematopoiesis,PMC9784906,https://www.ncbi.nlm.nih.gov/pmc/articles/PMC9784906/,Musculoskeletal & Bone Loss,Cross-Species / General Model,ISS (International Space Station),CRITICAL (High Priority for Mars Transit & Lunar Surface),Nutritional Vitamin D/Calcium + Axial Loading Compression Suit,Emerging Evidence,Consistent preliminary data; broader longitudinal validation required for Moon-Mars transit regimes.
477,Maintenance of near normal bone mass and architecture in lethally irradiated female mice following adoptive transfer with as few as 750 purified hematopoietic stem cells.,PMC6548323,https://www.ncbi.nlm.nih.gov/pmc/articles/PMC6548323/,Musculoskeletal & Bone Loss,Mus musculus (Rodents),Spaceflight / Space Environment,CRITICAL (High Priority for Mars Transit & Lunar Surface),Nutritional Vitamin D/Calcium + Axial Loading Compression Suit,Emerging Evidence,Consistent preliminary data; broader longitudinal validation required for Moon-Mars transit regimes.
478,Effect of leptin deficiency on the skeletal response to hindlimb unloading in adult male mice.,PMC6597714,https://www.ncbi.nlm.nih.gov/pmc/articles/PMC6597714/,Musculoskeletal & Bone Loss,Mus musculus (Rodents),Ground Analog (Clinostat / Hindlimb / Bedrest),CRITICAL (High Priority for Mars Transit & Lunar Surface),Artificial Gravity via Centrifugation (0.38g - 1.0g Intermittent),Emerging Evidence,Consistent preliminary data; broader longitudinal validation required for Moon-Mars transit regimes.
479,Thermoneutral housing attenuates premature cancellous bone loss in male C57BL/6J mice,PMC6865368,https://www.ncbi.nlm.nih.gov/pmc/articles/PMC6865368/,Musculoskeletal & Bone Loss,Mus musculus (Rodents),Spaceflight / Space Environment,CRITICAL (High Priority for Mars Transit & Lunar Surface),Nutritional Vitamin D/Calcium + Axial Loading Compression Suit,High Consensus,"Reproduced across independent missions (ISS, Shuttle, Bion-M1). Clear pathological mechanism documented."
480,Effects of Spaceflight on Cancellous and Cortical Bone in Proximal Femur in Growing Rats,PMC7907224,https://www.ncbi.nlm.nih.gov/pmc/articles/PMC7907224/,Musculoskeletal & Bone Loss,Mus musculus (Rodents),Spaceflight / Space Environment,CRITICAL (High Priority for Mars Transit & Lunar Surface),Nutritional Vitamin D/Calcium + Axial Loading Compression Suit,Emerging Evidence,Consistent preliminary data; broader longitudinal validation required for Moon-Mars transit regimes.
481,Evidence for increased thermogenesis in female C57BL/6J mice housed aboard the international space station,PMC8213760,https://www.ncbi.nlm.nih.gov/pmc/articles/PMC8213760/,General Space Biology & Life Support,Mus musculus (Rodents),ISS (International Space Station),MODERATE (Long-Duration Crew Health Factor),Artificial Gravity via Centrifugation (0.38g - 1.0g Intermittent),Emerging Evidence,Consistent preliminary data; broader longitudinal validation required for Moon-Mars transit regimes.
482,Leptin and environmental temperature as determinants of bone marrow adiposity in female mice,PMC9582271,https://www.ncbi.nlm.nih.gov/pmc/articles/PMC9582271/,Musculoskeletal & Bone Loss,Mus musculus (Rodents),Spaceflight / Space Environment,CRITICAL (High Priority for Mars Transit & Lunar Surface),Nutritional Vitamin D/Calcium + Axial Loading Compression Suit,Emerging Evidence,Consistent preliminary data; broader longitudinal validation required for Moon-Mars transit regimes.
483,Small changes in thermoregulation influence cancellous bone turnover balance in distal femur metaphysis in growing female mice,PMC10063413,https://www.ncbi.nlm.nih.gov/pmc/articles/PMC10063413/,Musculoskeletal & Bone Loss,Mus musculus (Rodents),Spaceflight / Space Environment,CRITICAL (High Priority for Mars Transit & Lunar Surface),Nutritional Vitamin D/Calcium + Axial Loading Compression Suit,Emerging Evidence,Consistent preliminary data; broader longitudinal validation required for Moon-Mars transit regimes.
484,Bone Marrow Adipose Tissue Is Not Required for Reconstitution of the Immune System Following Irradiation in Male Mice,PMC10889206,https://www.ncbi.nlm.nih.gov/pmc/articles/PMC10889206/,Musculoskeletal & Bone Loss,Mus musculus (Rodents),ISS (International Space Station),CRITICAL (High Priority for Mars Transit & Lunar Surface),Nutritional Vitamin D/Calcium + Axial Loading Compression Suit,Emerging Evidence,Consistent preliminary data; broader longitudinal validation required for Moon-Mars transit regimes.
485,Simulated Microgravity Promotes Horizontal Gene Transfer of Antimicrobial Resistance Genes between Bacterial Genera in the Absence of Antibiotic Selective Pressure,PMC8468678,https://www.ncbi.nlm.nih.gov/pmc/articles/PMC8468678/,Microbiology & Biofilms,Microbial / Microorganisms,Ground Analog (Clinostat / Hindlimb / Bedrest),MODERATE (Long-Duration Crew Health Factor),"Probiotics, Microbial Air Filtration, Antimicrobial Copper Surfaces",Emerging Evidence,Consistent preliminary data; broader longitudinal validation required for Moon-Mars transit regimes.
486,Understanding the Complexities and Changes of the Astronaut Microbiome for Successful Long-Duration Space Missions,PMC9031868,https://www.ncbi.nlm.nih.gov/pmc/articles/PMC9031868/,Microbiology & Biofilms,Mus musculus (Rodents),ISS (International Space Station),MODERATE (Long-Duration Crew Health Factor),"Probiotics, Microbial Air Filtration, Antimicrobial Copper Surfaces",Emerging Evidence,Consistent preliminary data; broader longitudinal validation required for Moon-Mars transit regimes.
487,Toward sustainable space exploration: a roadmap for harnessing the power of microorganisms.,PMC10030976,https://www.ncbi.nlm.nih.gov/pmc/articles/PMC10030976/,General Space Biology & Life Support,Mus musculus (Rodents),Spaceflight / Space Environment,MODERATE (Long-Duration Crew Health Factor),Artificial Gravity via Centrifugation (0.38g - 1.0g Intermittent),Emerging Evidence,Consistent preliminary data; broader longitudinal validation required for Moon-Mars transit regimes.
488,Roll maneuvers are essential for active reorientation of Caenorhabditis elegans in 3D media,PMC5910807,https://www.ncbi.nlm.nih.gov/pmc/articles/PMC5910807/,Reproductive & Developmental Biology,Caenorhabditis elegans (Worm),Spaceflight / Space Environment,MODERATE (Long-Duration Crew Health Factor),Artificial Gravity via Centrifugation (0.38g - 1.0g Intermittent),Emerging Evidence,Consistent preliminary data; broader longitudinal validation required for Moon-Mars transit regimes.
489,Microfluidic Device for Studying Nematodes,PMC12021249,https://www.ncbi.nlm.nih.gov/pmc/articles/PMC12021249/,Reproductive & Developmental Biology,Caenorhabditis elegans (Worm),Spaceflight / Space Environment,MODERATE (Long-Duration Crew Health Factor),Lower Body Negative Pressure (LBNP) + Saline Hyper-hydration,Emerging Evidence,Consistent preliminary data; broader longitudinal validation required for Moon-Mars transit regimes.
490,NemaFlex: A microfluidics-based technology for standardized measurement of muscular strength of C. elegans.,PMC6057834,https://www.ncbi.nlm.nih.gov/pmc/articles/PMC6057834/,Reproductive & Developmental Biology,Caenorhabditis elegans (Worm),Spaceflight / Space Environment,MODERATE (Long-Duration Crew Health Factor),Lower Body Negative Pressure (LBNP) + Saline Hyper-hydration,Emerging Evidence,Consistent preliminary data; broader longitudinal validation required for Moon-Mars transit regimes.
491,"Swim exercise in Caenorhabditis elegans extends neuromuscular and gut healthspan, enhances learning ability, and protects against neurodegeneration",PMC6876156,https://www.ncbi.nlm.nih.gov/pmc/articles/PMC6876156/,Neuroscience & Vision (SANS),Mus musculus (Rodents),Spaceflight / Space Environment,HIGH (Requires Active Countermeasures & Monitoring),Artificial Gravity via Centrifugation (0.38g - 1.0g Intermittent),Emerging Evidence,Consistent preliminary data; broader longitudinal validation required for Moon-Mars transit regimes.
492,Molecular muscle experiment: Hardware and operational lessons for future astrobiology space experiments,PMC7415877,https://www.ncbi.nlm.nih.gov/pmc/articles/PMC7415877/,Musculoskeletal & Bone Loss,Mus musculus (Rodents),Spaceflight / Space Environment,CRITICAL (High Priority for Mars Transit & Lunar Surface),Nutritional Vitamin D/Calcium + Axial Loading Compression Suit,Emerging Evidence,Consistent preliminary data; broader longitudinal validation required for Moon-Mars transit regimes.
493,Tart Cherry Increases Lifespan in Caenorhabditis elegans by Altering Metabolic Signaling Pathways,PMC7285199,https://www.ncbi.nlm.nih.gov/pmc/articles/PMC7285199/,Reproductive & Developmental Biology,Caenorhabditis elegans (Worm),Spaceflight / Space Environment,MODERATE (Long-Duration Crew Health Factor),Artificial Gravity via Centrifugation (0.38g - 1.0g Intermittent),Emerging Evidence,Consistent preliminary data; broader longitudinal validation required for Moon-Mars transit regimes.
494,A region of UNC-89 (obscurin) lying between two protein kinase domains is a highly elastic spring required for proper sarcomere organization,PMC9549344,https://www.ncbi.nlm.nih.gov/pmc/articles/PMC9549344/,General Space Biology & Life Support,Cross-Species / General Model,Spaceflight / Space Environment,MODERATE (Long-Duration Crew Health Factor),Artificial Gravity via Centrifugation (0.38g - 1.0g Intermittent),Emerging Evidence,Consistent preliminary data; broader longitudinal validation required for Moon-Mars transit regimes.
495,NemaLife chip: a micropillar-based microfluidic culture device optimized for aging studies in crawling C. elegans,PMC7530743,https://www.ncbi.nlm.nih.gov/pmc/articles/PMC7530743/,Plant Biology & Space Agriculture,Arabidopsis thaliana (Plants),Spaceflight / Space Environment,MISSION ESSENTIAL (Bioregenerative Food & O2 Systems),Lower Body Negative Pressure (LBNP) + Saline Hyper-hydration,Emerging Evidence,Consistent preliminary data; broader longitudinal validation required for Moon-Mars transit regimes.
496,Spaceflight affects neuronal morphology and alters transcellular degradation of neuronal debris in adult Caenorhabditis elegans,PMC7890410,https://www.ncbi.nlm.nih.gov/pmc/articles/PMC7890410/,Neuroscience & Vision (SANS),Caenorhabditis elegans (Worm),Spaceflight / Space Environment,HIGH (Requires Active Countermeasures & Monitoring),Artificial Gravity via Centrifugation (0.38g - 1.0g Intermittent),Emerging Evidence,Consistent preliminary data; broader longitudinal validation required for Moon-Mars transit regimes.
497,Microfluidics-integrated spaceflight hardware for measuring muscle strength of Caenorhabditis elegans on the International Space Station.,PMC9640571,https://www.ncbi.nlm.nih.gov/pmc/articles/PMC9640571/,Musculoskeletal & Bone Loss,Mus musculus (Rodents),ISS (International Space Station),CRITICAL (High Priority for Mars Transit & Lunar Surface),Nutritional Vitamin D/Calcium + Axial Loading Compression Suit,Emerging Evidence,Consistent preliminary data; broader longitudinal validation required for Moon-Mars transit regimes.
498,A Compact Imaging Platform for Conducting C. elegans Phenotypic Assays on Earth and in Spaceflight.,PMC9862956,https://www.ncbi.nlm.nih.gov/pmc/articles/PMC9862956/,Reproductive & Developmental Biology,Caenorhabditis elegans (Worm),Spaceflight / Space Environment,MODERATE (Long-Duration Crew Health Factor),Artificial Gravity via Centrifugation (0.38g - 1.0g Intermittent),Emerging Evidence,Consistent preliminary data; broader longitudinal validation required for Moon-Mars transit regimes.
499,Mitochondrial sulfide promotes life span and health span through distinct mechanisms in developing versus adult treated Caenorhabditis elegans.,PMC10410709,https://www.ncbi.nlm.nih.gov/pmc/articles/PMC10410709/,"Omics, Mitochondria & Cellular Stress",Caenorhabditis elegans (Worm),Spaceflight / Space Environment,MODERATE (Long-Duration Crew Health Factor),Artificial Gravity via Centrifugation (0.38g - 1.0g Intermittent),Emerging Evidence,Consistent preliminary data; broader longitudinal validation required for Moon-Mars transit regimes.
500,Bisphosphonates attenuate age-related muscle decline in Caenorhabditis elegans.,PMC10751425,https://www.ncbi.nlm.nih.gov/pmc/articles/PMC10751425/,Musculoskeletal & Bone Loss,Caenorhabditis elegans (Worm),Spaceflight / Space Environment,CRITICAL (High Priority for Mars Transit & Lunar Surface),Antiresorptive Pharmacotherapy (Bisphosphonates / Denosumab),Emerging Evidence,Consistent preliminary data; broader longitudinal validation required for Moon-Mars transit regimes.
501,Spaceflight Induces Strength Decline in Caenorhabditis elegans,PMC10605753,https://www.ncbi.nlm.nih.gov/pmc/articles/PMC10605753/,Reproductive & Developmental Biology,Caenorhabditis elegans (Worm),Spaceflight / Space Environment,MODERATE (Long-Duration Crew Health Factor),Artificial Gravity via Centrifugation (0.38g - 1.0g Intermittent),High Consensus,"Reproduced across independent missions (ISS, Shuttle, Bion-M1). Clear pathological mechanism documented."
502,Metabolic model predictions enable targeted microbiome manipulation through precision prebiotics.,PMC10846184,https://www.ncbi.nlm.nih.gov/pmc/articles/PMC10846184/,Microbiology & Biofilms,Cross-Species / General Model,Spaceflight / Space Environment,MODERATE (Long-Duration Crew Health Factor),"Probiotics, Microbial Air Filtration, Antimicrobial Copper Surfaces",Emerging Evidence,Consistent preliminary data; broader longitudinal validation required for Moon-Mars transit regimes.
503,Transcriptomics analysis reveals molecular alterations underpinning spaceflight dermatology.,PMC11166967,https://www.ncbi.nlm.nih.gov/pmc/articles/PMC11166967/,"Omics, Mitochondria & Cellular Stress",Mus musculus (Rodents),Spaceflight / Space Environment,MODERATE (Long-Duration Crew Health Factor),Artificial Gravity via Centrifugation (0.38g - 1.0g Intermittent),High Consensus,"Reproduced across independent missions (ISS, Shuttle, Bion-M1). Clear pathological mechanism documented."
504,Identification and characterization of a skin microbiome on Caenorhabditis elegans suggests environmental microbes confer cuticle protection,PMC11302229,https://www.ncbi.nlm.nih.gov/pmc/articles/PMC11302229/,Microbiology & Biofilms,Caenorhabditis elegans (Worm),Spaceflight / Space Environment,MODERATE (Long-Duration Crew Health Factor),"Probiotics, Microbial Air Filtration, Antimicrobial Copper Surfaces",Emerging Evidence,Consistent preliminary data; broader longitudinal validation required for Moon-Mars transit regimes.
505,Protein kinase 2 of the giant sarcomeric protein UNC-89 regulates mitochondrial morphology and function,PMC11487192,https://www.ncbi.nlm.nih.gov/pmc/articles/PMC11487192/,"Omics, Mitochondria & Cellular Stress",Cross-Species / General Model,Spaceflight / Space Environment,MODERATE (Long-Duration Crew Health Factor),Artificial Gravity via Centrifugation (0.38g - 1.0g Intermittent),Emerging Evidence,Consistent preliminary data; broader longitudinal validation required for Moon-Mars transit regimes.
506,New perspectives on viable microbial communities in low-biomass cleanroom environments,PMC3554398,https://www.ncbi.nlm.nih.gov/pmc/articles/PMC3554398/,Radiation & Deep Space Hazards,Cross-Species / General Model,Spaceflight / Space Environment,CRITICAL (High Priority for Mars Transit & Lunar Surface),"Probiotics, Microbial Air Filtration, Antimicrobial Copper Surfaces",Emerging Evidence,Consistent preliminary data; broader longitudinal validation required for Moon-Mars transit regimes.
507,Microbial existence in controlled habitats and their resistance to space conditions,PMC10370681,https://www.ncbi.nlm.nih.gov/pmc/articles/PMC10370681/,Microbiology & Biofilms,Cross-Species / General Model,Spaceflight / Space Environment,MODERATE (Long-Duration Crew Health Factor),"Probiotics, Microbial Air Filtration, Antimicrobial Copper Surfaces",Emerging Evidence,Consistent preliminary data; broader longitudinal validation required for Moon-Mars transit regimes.
508,Microbiomes of the dust particles collected from the International Space Station and Spacecraft assembly facilities,PMC4624184,https://www.ncbi.nlm.nih.gov/pmc/articles/PMC4624184/,Microbiology & Biofilms,Cross-Species / General Model,ISS (International Space Station),MODERATE (Long-Duration Crew Health Factor),"Probiotics, Microbial Air Filtration, Antimicrobial Copper Surfaces",Emerging Evidence,Consistent preliminary data; broader longitudinal validation required for Moon-Mars transit regimes.
509,"Draft genome sequences of two Aspergillus fumigatus strains, isolated from the International Space Station",PMC4945788,https://www.ncbi.nlm.nih.gov/pmc/articles/PMC4945788/,Radiation & Deep Space Hazards,Cross-Species / General Model,ISS (International Space Station),CRITICAL (High Priority for Mars Transit & Lunar Surface),Artificial Gravity via Centrifugation (0.38g - 1.0g Intermittent),Emerging Evidence,Consistent preliminary data; broader longitudinal validation required for Moon-Mars transit regimes.
510,Characterization of Aspergillus fumigatus isolates from air and surfaces of the International Space Station.,PMC9116463,https://www.ncbi.nlm.nih.gov/pmc/articles/PMC9116463/,Radiation & Deep Space Hazards,Cross-Species / General Model,ISS (International Space Station),CRITICAL (High Priority for Mars Transit & Lunar Surface),Artificial Gravity via Centrifugation (0.38g - 1.0g Intermittent),Emerging Evidence,Consistent preliminary data; broader longitudinal validation required for Moon-Mars transit regimes.
511,Draft genome sequences of biosafety level 2 opportunistic pathogens isolated from the environmental surfaces of the International Space Station.,PMC5201052,https://www.ncbi.nlm.nih.gov/pmc/articles/PMC5201052/,Microbiology & Biofilms,Cross-Species / General Model,ISS (International Space Station),MODERATE (Long-Duration Crew Health Factor),Artificial Gravity via Centrifugation (0.38g - 1.0g Intermittent),Emerging Evidence,Consistent preliminary data; broader longitudinal validation required for Moon-Mars transit regimes.
512,Draft Genome Sequences of Several Fungal Strains Selected for Exposure to Microgravity at the International Space Station.,PMC5391430,https://www.ncbi.nlm.nih.gov/pmc/articles/PMC5391430/,General Space Biology & Life Support,Cross-Species / General Model,ISS (International Space Station),MODERATE (Long-Duration Crew Health Factor),Artificial Gravity via Centrifugation (0.38g - 1.0g Intermittent),Emerging Evidence,Consistent preliminary data; broader longitudinal validation required for Moon-Mars transit regimes.
513,Human presence impacts fungal diversity of inflated lunar/Mars analog habitat.,PMC5504618,https://www.ncbi.nlm.nih.gov/pmc/articles/PMC5504618/,General Space Biology & Life Support,Homo sapiens (Humans),Spaceflight / Space Environment,MODERATE (Long-Duration Crew Health Factor),Artificial Gravity via Centrifugation (0.38g - 1.0g Intermittent),Emerging Evidence,Consistent preliminary data; broader longitudinal validation required for Moon-Mars transit regimes.
514,Whole metagenome profiles of particulates collected from the International Space Station,PMC5580210,https://www.ncbi.nlm.nih.gov/pmc/articles/PMC5580210/,General Space Biology & Life Support,Cross-Species / General Model,ISS (International Space Station),MODERATE (Long-Duration Crew Health Factor),Artificial Gravity via Centrifugation (0.38g - 1.0g Intermittent),Emerging Evidence,Consistent preliminary data; broader longitudinal validation required for Moon-Mars transit regimes.
515,Microbial Characteristics of ISS Environmental Surfaces,PMC8421509,https://www.ncbi.nlm.nih.gov/pmc/articles/PMC8421509/,Microbiology & Biofilms,Cross-Species / General Model,ISS (International Space Station),MODERATE (Long-Duration Crew Health Factor),"Probiotics, Microbial Air Filtration, Antimicrobial Copper Surfaces",Emerging Evidence,Consistent preliminary data; broader longitudinal validation required for Moon-Mars transit regimes.
516,"Draft Genome Sequences from a Novel Clade of Bacillus cereus Sensu Lato Strains, Isolated from the International Space Station.",PMC5552977,https://www.ncbi.nlm.nih.gov/pmc/articles/PMC5552977/,Microbiology & Biofilms,Cross-Species / General Model,ISS (International Space Station),MODERATE (Long-Duration Crew Health Factor),Artificial Gravity via Centrifugation (0.38g - 1.0g Intermittent),Controversial / Active Debate,Conflicting findings reported between flight durations or between in vitro vs in vivo models. Requires targeted flight trials.
517,Draft Genome Sequences of Acinetobacter and Bacillus Strains Isolated from Spacecraft-Associated Surfaces,PMC5805884,https://www.ncbi.nlm.nih.gov/pmc/articles/PMC5805884/,Microbiology & Biofilms,Cross-Species / General Model,Spaceflight / Space Environment,MODERATE (Long-Duration Crew Health Factor),Artificial Gravity via Centrifugation (0.38g - 1.0g Intermittent),Emerging Evidence,Consistent preliminary data; broader longitudinal validation required for Moon-Mars transit regimes.
518,KatharoSeq enables high-throughput microbiome analysis from low-biomass samples,PMC5864415,https://www.ncbi.nlm.nih.gov/pmc/articles/PMC5864415/,Microbiology & Biofilms,Cross-Species / General Model,Spaceflight / Space Environment,MODERATE (Long-Duration Crew Health Factor),"Probiotics, Microbial Air Filtration, Antimicrobial Copper Surfaces",Emerging Evidence,Consistent preliminary data; broader longitudinal validation required for Moon-Mars transit regimes.
519,Draft genome sequence of a clinical isolate of Fusarium fujikuroi isolated from a male patient with acute myeloid leukemia.,PMC6013642,https://www.ncbi.nlm.nih.gov/pmc/articles/PMC6013642/,General Space Biology & Life Support,Cross-Species / General Model,Spaceflight / Space Environment,MODERATE (Long-Duration Crew Health Factor),Artificial Gravity via Centrifugation (0.38g - 1.0g Intermittent),Emerging Evidence,Consistent preliminary data; broader longitudinal validation required for Moon-Mars transit regimes.
520,"Draft Genome Sequence of Solibacillus kalamii, Isolated from an Air Filter Aboard the International Space Station",PMC5578834,https://www.ncbi.nlm.nih.gov/pmc/articles/PMC5578834/,Microbiology & Biofilms,Cross-Species / General Model,ISS (International Space Station),MODERATE (Long-Duration Crew Health Factor),Artificial Gravity via Centrifugation (0.38g - 1.0g Intermittent),Emerging Evidence,Consistent preliminary data; broader longitudinal validation required for Moon-Mars transit regimes.
521,Detection of antimicrobial resistance genes associated with the International Space Station environmental surfaces,PMC9241228,https://www.ncbi.nlm.nih.gov/pmc/articles/PMC9241228/,Microbiology & Biofilms,Cross-Species / General Model,ISS (International Space Station),MODERATE (Long-Duration Crew Health Factor),"Probiotics, Microbial Air Filtration, Antimicrobial Copper Surfaces",Emerging Evidence,Consistent preliminary data; broader longitudinal validation required for Moon-Mars transit regimes.
522,Draft genome sequences of two Fusarium oxysporum isolates cultured from infected Zinnia hybrida plants grown on the International Space Station.,PMC5958250,https://www.ncbi.nlm.nih.gov/pmc/articles/PMC5958250/,Plant Biology & Space Agriculture,Arabidopsis thaliana (Plants),ISS (International Space Station),MISSION ESSENTIAL (Bioregenerative Food & O2 Systems),Tailored LED Light Spectrum (Far-Red/Blue) + Active Aerated Root Substrates,Emerging Evidence,Consistent preliminary data; broader longitudinal validation required for Moon-Mars transit regimes.
523,Characterization of Aspergillus niger Isolated from the International Space Station,PMC7326050,https://www.ncbi.nlm.nih.gov/pmc/articles/PMC7326050/,Radiation & Deep Space Hazards,Cross-Species / General Model,ISS (International Space Station),CRITICAL (High Priority for Mars Transit & Lunar Surface),Artificial Gravity via Centrifugation (0.38g - 1.0g Intermittent),Emerging Evidence,Consistent preliminary data; broader longitudinal validation required for Moon-Mars transit regimes.
524,Multi-drug resistant Enterobacter bugandensis species isolated from the International Space Station and comparative genomic analyses with human pathogenic strains,PMC6251167,https://www.ncbi.nlm.nih.gov/pmc/articles/PMC6251167/,Radiation & Deep Space Hazards,Mus musculus (Rodents),ISS (International Space Station),CRITICAL (High Priority for Mars Transit & Lunar Surface),Artificial Gravity via Centrifugation (0.38g - 1.0g Intermittent),Emerging Evidence,Consistent preliminary data; broader longitudinal validation required for Moon-Mars transit regimes.
525,Succession and persistence of microbial communities and antimicrobial resistance genes associated with International Space Station environmental surfaces,PMC6280456,https://www.ncbi.nlm.nih.gov/pmc/articles/PMC6280456/,Microbiology & Biofilms,Cross-Species / General Model,ISS (International Space Station),MODERATE (Long-Duration Crew Health Factor),"Probiotics, Microbial Air Filtration, Antimicrobial Copper Surfaces",Emerging Evidence,Consistent preliminary data; broader longitudinal validation required for Moon-Mars transit regimes.
526,"International Space Station conditions alter genomics, proteomics, and metabolomics in Aspergillus nidulans.",PMC9098231,https://www.ncbi.nlm.nih.gov/pmc/articles/PMC9098231/,Radiation & Deep Space Hazards,Cross-Species / General Model,ISS (International Space Station),CRITICAL (High Priority for Mars Transit & Lunar Surface),Artificial Gravity via Centrifugation (0.38g - 1.0g Intermittent),Emerging Evidence,Consistent preliminary data; broader longitudinal validation required for Moon-Mars transit regimes.
527,Proteomic characterization of Aspergillus fumigatus isolated from air and surfaces of the International Space Station.,PMC9116463,https://www.ncbi.nlm.nih.gov/pmc/articles/PMC9116463/,Radiation & Deep Space Hazards,Cross-Species / General Model,ISS (International Space Station),CRITICAL (High Priority for Mars Transit & Lunar Surface),Artificial Gravity via Centrifugation (0.38g - 1.0g Intermittent),Emerging Evidence,Consistent preliminary data; broader longitudinal validation required for Moon-Mars transit regimes.
528,Genomic Characterization and Virulence Potential of Two Fusarium oxysporum Isolates Cultured from the International Space Station,PMC6426649,https://www.ncbi.nlm.nih.gov/pmc/articles/PMC6426649/,General Space Biology & Life Support,In Vitro / Cell Culture / Organoid,ISS (International Space Station),MODERATE (Long-Duration Crew Health Factor),Artificial Gravity via Centrifugation (0.38g - 1.0g Intermittent),Emerging Evidence,Consistent preliminary data; broader longitudinal validation required for Moon-Mars transit regimes.
529,Characterization of the total and viable bacterial and fungal communities associated with the International Space Station surfaces.,PMC6452512,https://www.ncbi.nlm.nih.gov/pmc/articles/PMC6452512/,Microbiology & Biofilms,Microbial / Microorganisms,ISS (International Space Station),MODERATE (Long-Duration Crew Health Factor),Artificial Gravity via Centrifugation (0.38g - 1.0g Intermittent),Emerging Evidence,Consistent preliminary data; broader longitudinal validation required for Moon-Mars transit regimes.
530,Proteomic and Metabolomic Characteristics of Extremophilic Fungi Under Simulated Mars Conditions.,PMC6529585,https://www.ncbi.nlm.nih.gov/pmc/articles/PMC6529585/,Microbiology & Biofilms,Cross-Species / General Model,Spaceflight / Space Environment,MODERATE (Long-Duration Crew Health Factor),Artificial Gravity via Centrifugation (0.38g - 1.0g Intermittent),Emerging Evidence,Consistent preliminary data; broader longitudinal validation required for Moon-Mars transit regimes.
531,MetaMiner: A Scalable Peptidogenomics Approach for Discovery of Ribosomal Peptide Natural Products with Blind Modifications from Microbial Communities,PMC6952069,https://www.ncbi.nlm.nih.gov/pmc/articles/PMC6952069/,Microbiology & Biofilms,Cross-Species / General Model,Spaceflight / Space Environment,MODERATE (Long-Duration Crew Health Factor),"Probiotics, Microbial Air Filtration, Antimicrobial Copper Surfaces",Emerging Evidence,Consistent preliminary data; broader longitudinal validation required for Moon-Mars transit regimes.
532,Draft Genome Sequences of Sphingomonas Species Associated with the International Space Station,PMC7303416,https://www.ncbi.nlm.nih.gov/pmc/articles/PMC7303416/,Radiation & Deep Space Hazards,Cross-Species / General Model,ISS (International Space Station),CRITICAL (High Priority for Mars Transit & Lunar Surface),Artificial Gravity via Centrifugation (0.38g - 1.0g Intermittent),Emerging Evidence,Consistent preliminary data; broader longitudinal validation required for Moon-Mars transit regimes.
533,Draft Genome Sequences of Tremellomycetes Strains Isolated from the International Space Station,PMC7317102,https://www.ncbi.nlm.nih.gov/pmc/articles/PMC7317102/,General Space Biology & Life Support,Cross-Species / General Model,ISS (International Space Station),MODERATE (Long-Duration Crew Health Factor),Artificial Gravity via Centrifugation (0.38g - 1.0g Intermittent),Emerging Evidence,Consistent preliminary data; broader longitudinal validation required for Moon-Mars transit regimes.
534,Draft Genome Sequences of Rhodotorula mucilaginosa Strains Isolated from the International Space Station,PMC7393961,https://www.ncbi.nlm.nih.gov/pmc/articles/PMC7393961/,General Space Biology & Life Support,Cross-Species / General Model,ISS (International Space Station),MODERATE (Long-Duration Crew Health Factor),Artificial Gravity via Centrifugation (0.38g - 1.0g Intermittent),Emerging Evidence,Consistent preliminary data; broader longitudinal validation required for Moon-Mars transit regimes.
535,Draft Genome Sequences of Enterobacteriales Strains Isolated from the International Space Station,PMC7484075,https://www.ncbi.nlm.nih.gov/pmc/articles/PMC7484075/,Microbiology & Biofilms,Microbial / Microorganisms,ISS (International Space Station),MODERATE (Long-Duration Crew Health Factor),Artificial Gravity via Centrifugation (0.38g - 1.0g Intermittent),Emerging Evidence,Consistent preliminary data; broader longitudinal validation required for Moon-Mars transit regimes.
536,Draft Genome Sequences of Lactobacillales Isolated from the International Space Station,PMC7516158,https://www.ncbi.nlm.nih.gov/pmc/articles/PMC7516158/,General Space Biology & Life Support,Cross-Species / General Model,ISS (International Space Station),MODERATE (Long-Duration Crew Health Factor),Artificial Gravity via Centrifugation (0.38g - 1.0g Intermittent),Emerging Evidence,Consistent preliminary data; broader longitudinal validation required for Moon-Mars transit regimes.
537,Draft Genome Sequences of Klebsiella Species Isolated from the International Space Station,PMC7561690,https://www.ncbi.nlm.nih.gov/pmc/articles/PMC7561690/,Radiation & Deep Space Hazards,Cross-Species / General Model,ISS (International Space Station),CRITICAL (High Priority for Mars Transit & Lunar Surface),Artificial Gravity via Centrifugation (0.38g - 1.0g Intermittent),Emerging Evidence,Consistent preliminary data; broader longitudinal validation required for Moon-Mars transit regimes.
538,Draft Genome Sequences of Bacillaceae Strains Isolated from the International Space Station.,PMC7595942,https://www.ncbi.nlm.nih.gov/pmc/articles/PMC7595942/,General Space Biology & Life Support,Cross-Species / General Model,ISS (International Space Station),MODERATE (Long-Duration Crew Health Factor),Artificial Gravity via Centrifugation (0.38g - 1.0g Intermittent),Emerging Evidence,Consistent preliminary data; broader longitudinal validation required for Moon-Mars transit regimes.
539,Assessing the risk of transfer of microorganisms at the International Space Station due to cargo delivery by commercial resupply vehicles,PMC7677455,https://www.ncbi.nlm.nih.gov/pmc/articles/PMC7677455/,General Space Biology & Life Support,Cross-Species / General Model,ISS (International Space Station),MODERATE (Long-Duration Crew Health Factor),Artificial Gravity via Centrifugation (0.38g - 1.0g Intermittent),Emerging Evidence,Consistent preliminary data; broader longitudinal validation required for Moon-Mars transit regimes.
540,"Methylobacterium ajmalii sp. nov., isolated from the International Space Station",PMC8005752,https://www.ncbi.nlm.nih.gov/pmc/articles/PMC8005752/,General Space Biology & Life Support,Cross-Species / General Model,ISS (International Space Station),MODERATE (Long-Duration Crew Health Factor),Artificial Gravity via Centrifugation (0.38g - 1.0g Intermittent),Emerging Evidence,Consistent preliminary data; broader longitudinal validation required for Moon-Mars transit regimes.
541,Draft Genome Sequences of Aspergillus and Penicillium Species Isolated from the International Space Station and Crew Resupply Vehicle Capsule,PMC8104057,https://www.ncbi.nlm.nih.gov/pmc/articles/PMC8104057/,Radiation & Deep Space Hazards,Homo sapiens (Humans),ISS (International Space Station),CRITICAL (High Priority for Mars Transit & Lunar Surface),Artificial Gravity via Centrifugation (0.38g - 1.0g Intermittent),Emerging Evidence,Consistent preliminary data; broader longitudinal validation required for Moon-Mars transit regimes.
542,Advances in Space Microbiology,PMC12034939,https://www.ncbi.nlm.nih.gov/pmc/articles/PMC12034939/,Microbiology & Biofilms,Cross-Species / General Model,Spaceflight / Space Environment,MODERATE (Long-Duration Crew Health Factor),"Probiotics, Microbial Air Filtration, Antimicrobial Copper Surfaces",Emerging Evidence,Consistent preliminary data; broader longitudinal validation required for Moon-Mars transit regimes.
543,Effects of simulated microgravity on the proteome and secretome of the polyextremotolerant black fungus Knufia chersonesos.,PMC8012687,https://www.ncbi.nlm.nih.gov/pmc/articles/PMC8012687/,"Omics, Mitochondria & Cellular Stress",Microbial / Microorganisms,Ground Analog (Clinostat / Hindlimb / Bedrest),MODERATE (Long-Duration Crew Health Factor),Artificial Gravity via Centrifugation (0.38g - 1.0g Intermittent),Emerging Evidence,Consistent preliminary data; broader longitudinal validation required for Moon-Mars transit regimes.
544,Draft Genome Sequences of Various Bacterial Phyla Isolated from the International Space Station,PMC8086211,https://www.ncbi.nlm.nih.gov/pmc/articles/PMC8086211/,Microbiology & Biofilms,Microbial / Microorganisms,ISS (International Space Station),MODERATE (Long-Duration Crew Health Factor),Artificial Gravity via Centrifugation (0.38g - 1.0g Intermittent),Emerging Evidence,Consistent preliminary data; broader longitudinal validation required for Moon-Mars transit regimes.
545,Evaluating the lettuce metatranscriptome with MinION sequencing for future spaceflight food production applications,PMC8211661,https://www.ncbi.nlm.nih.gov/pmc/articles/PMC8211661/,"Omics, Mitochondria & Cellular Stress",Cross-Species / General Model,Spaceflight / Space Environment,MODERATE (Long-Duration Crew Health Factor),Artificial Gravity via Centrifugation (0.38g - 1.0g Intermittent),Emerging Evidence,Consistent preliminary data; broader longitudinal validation required for Moon-Mars transit regimes.
546,Investigation of Spaceflight Induced Changes to Astronaut Microbiomes,PMC11988970,https://www.ncbi.nlm.nih.gov/pmc/articles/PMC11988970/,Microbiology & Biofilms,Homo sapiens (Humans),Spaceflight / Space Environment,MODERATE (Long-Duration Crew Health Factor),"Probiotics, Microbial Air Filtration, Antimicrobial Copper Surfaces",Emerging Evidence,Consistent preliminary data; broader longitudinal validation required for Moon-Mars transit regimes.
547,Genomic Characterization of Potential Plant Growth-Promoting Features of Sphingomonas Strains Isolated from the International Space Station,PMC8754149,https://www.ncbi.nlm.nih.gov/pmc/articles/PMC8754149/,Plant Biology & Space Agriculture,Arabidopsis thaliana (Plants),ISS (International Space Station),MISSION ESSENTIAL (Bioregenerative Food & O2 Systems),Tailored LED Light Spectrum (Far-Red/Blue) + Active Aerated Root Substrates,Emerging Evidence,Consistent preliminary data; broader longitudinal validation required for Moon-Mars transit regimes.
548,"Genomic Characterization of the Titan-like Cell Producing Naganishia tulchinskyi, the First Novel Eukaryote Isolated from the International Space Station",PMC8875396,https://www.ncbi.nlm.nih.gov/pmc/articles/PMC8875396/,General Space Biology & Life Support,In Vitro / Cell Culture / Organoid,ISS (International Space Station),MODERATE (Long-Duration Crew Health Factor),Artificial Gravity via Centrifugation (0.38g - 1.0g Intermittent),Controversial / Active Debate,Conflicting findings reported between flight durations or between in vitro vs in vivo models. Requires targeted flight trials.
549,Metabolic modeling of the International Space Station microbiome reveals key microbial interactions.,PMC9258157,https://www.ncbi.nlm.nih.gov/pmc/articles/PMC9258157/,Microbiology & Biofilms,Cross-Species / General Model,ISS (International Space Station),MODERATE (Long-Duration Crew Health Factor),"Probiotics, Microbial Air Filtration, Antimicrobial Copper Surfaces",Emerging Evidence,Consistent preliminary data; broader longitudinal validation required for Moon-Mars transit regimes.
550,"Microbial Burden Estimation of Food Items, Built Environments, and the International Space Station Using Film Media",PMC9503880,https://www.ncbi.nlm.nih.gov/pmc/articles/PMC9503880/,Microbiology & Biofilms,Cross-Species / General Model,ISS (International Space Station),MODERATE (Long-Duration Crew Health Factor),"Probiotics, Microbial Air Filtration, Antimicrobial Copper Surfaces",Emerging Evidence,Consistent preliminary data; broader longitudinal validation required for Moon-Mars transit regimes.
551,Multidrug-resistant Acinetobacter pittii is adapting to and exhibiting potential succession aboard the International Space Station.,PMC9743659,https://www.ncbi.nlm.nih.gov/pmc/articles/PMC9743659/,General Space Biology & Life Support,Cross-Species / General Model,ISS (International Space Station),MODERATE (Long-Duration Crew Health Factor),Artificial Gravity via Centrifugation (0.38g - 1.0g Intermittent),Emerging Evidence,Consistent preliminary data; broader longitudinal validation required for Moon-Mars transit regimes.
552,Characterization of metagenome-assembled genomes from the International Space Station.,PMC10233975,https://www.ncbi.nlm.nih.gov/pmc/articles/PMC10233975/,General Space Biology & Life Support,Cross-Species / General Model,ISS (International Space Station),MODERATE (Long-Duration Crew Health Factor),Artificial Gravity via Centrifugation (0.38g - 1.0g Intermittent),Emerging Evidence,Consistent preliminary data; broader longitudinal validation required for Moon-Mars transit regimes.
553,Comparative genomic analysis of Cohnella hashimotonis sp. nov. isolated from the International Space Station,PMC10308117,https://www.ncbi.nlm.nih.gov/pmc/articles/PMC10308117/,General Space Biology & Life Support,Mus musculus (Rodents),ISS (International Space Station),MODERATE (Long-Duration Crew Health Factor),Artificial Gravity via Centrifugation (0.38g - 1.0g Intermittent),Emerging Evidence,Consistent preliminary data; broader longitudinal validation required for Moon-Mars transit regimes.
554,Genomic analysis reveals the presence of emerging pathogenic Klebsiella lineages aboard the International Space Station,PMC10715203,https://www.ncbi.nlm.nih.gov/pmc/articles/PMC10715203/,Microbiology & Biofilms,Cross-Species / General Model,ISS (International Space Station),MODERATE (Long-Duration Crew Health Factor),Artificial Gravity via Centrifugation (0.38g - 1.0g Intermittent),Emerging Evidence,Consistent preliminary data; broader longitudinal validation required for Moon-Mars transit regimes.
555,"Phylogenomics, phenotypic, and functional traits of five novel (Earth-derived) bacterial species isolated from the International Space Station and their prevalence in metagenomes",PMC10628120,https://www.ncbi.nlm.nih.gov/pmc/articles/PMC10628120/,Radiation & Deep Space Hazards,Microbial / Microorganisms,ISS (International Space Station),CRITICAL (High Priority for Mars Transit & Lunar Surface),Artificial Gravity via Centrifugation (0.38g - 1.0g Intermittent),Controversial / Active Debate,Conflicting findings reported between flight durations or between in vitro vs in vivo models. Requires targeted flight trials.
556,"Genomic, functional, and metabolic enhancements in multidrug-resistant Enterobacter bugandensis facilitating its persistence and succession in the International Space Station",PMC10960378,https://www.ncbi.nlm.nih.gov/pmc/articles/PMC10960378/,General Space Biology & Life Support,Cross-Species / General Model,ISS (International Space Station),MODERATE (Long-Duration Crew Health Factor),Artificial Gravity via Centrifugation (0.38g - 1.0g Intermittent),Emerging Evidence,Consistent preliminary data; broader longitudinal validation required for Moon-Mars transit regimes.
557,"Phylogenomics, phenotypic, and functional traits of five novel (Earth-derived) bacterial species isolated from the International Space Station and their prevalence in metagenomes",PMC10628120,https://www.ncbi.nlm.nih.gov/pmc/articles/PMC10628120/,Radiation & Deep Space Hazards,Microbial / Microorganisms,ISS (International Space Station),CRITICAL (High Priority for Mars Transit & Lunar Surface),Artificial Gravity via Centrifugation (0.38g - 1.0g Intermittent),Controversial / Active Debate,Conflicting findings reported between flight durations or between in vitro vs in vivo models. Requires targeted flight trials.
558,Adaptation to space conditions of novel bacterial species isolated from the International Space Station revealed by functional gene annotations and comparative genome analysis,PMC11451251,https://www.ncbi.nlm.nih.gov/pmc/articles/PMC11451251/,Radiation & Deep Space Hazards,Mus musculus (Rodents),ISS (International Space Station),CRITICAL (High Priority for Mars Transit & Lunar Surface),Artificial Gravity via Centrifugation (0.38g - 1.0g Intermittent),Controversial / Active Debate,Conflicting findings reported between flight durations or between in vitro vs in vivo models. Requires targeted flight trials.
559,Spatial regulation of a common precursor from two distinct genes generates metabolite diversity,PMC5523082,https://www.ncbi.nlm.nih.gov/pmc/articles/PMC5523082/,General Space Biology & Life Support,Mus musculus (Rodents),Spaceflight / Space Environment,MODERATE (Long-Duration Crew Health Factor),Artificial Gravity via Centrifugation (0.38g - 1.0g Intermittent),Emerging Evidence,Consistent preliminary data; broader longitudinal validation required for Moon-Mars transit regimes.
560,Recent advances in the genome mining of Aspergillus secondary metabolites (covering 2012‚Äì2018).,PMC6590338,https://www.ncbi.nlm.nih.gov/pmc/articles/PMC6590338/,Radiation & Deep Space Hazards,Cross-Species / General Model,Spaceflight / Space Environment,CRITICAL (High Priority for Mars Transit & Lunar Surface),Artificial Gravity via Centrifugation (0.38g - 1.0g Intermittent),Emerging Evidence,Consistent preliminary data; broader longitudinal validation required for Moon-Mars transit regimes.
561,Cortical thinning and structural bone changes in non-human primates after single-fraction whole-chest irradiation.,PMC6036641,https://www.ncbi.nlm.nih.gov/pmc/articles/PMC6036641/,Musculoskeletal & Bone Loss,Homo sapiens (Humans),Spaceflight / Space Environment,CRITICAL (High Priority for Mars Transit & Lunar Surface),Nutritional Vitamin D/Calcium + Axial Loading Compression Suit,Emerging Evidence,Consistent preliminary data; broader longitudinal validation required for Moon-Mars transit regimes.
562,Knee and Hip Joint Cartilage Damage from Combined Spaceflight Hazards of Low-Dose Radiation Less than 1 Gy and Prolonged Hindlimb Unloading.,PMC6599637,https://www.ncbi.nlm.nih.gov/pmc/articles/PMC6599637/,Musculoskeletal & Bone Loss,Cross-Species / General Model,Ground Analog (Clinostat / Hindlimb / Bedrest),CRITICAL (High Priority for Mars Transit & Lunar Surface),Hydrocarbon Polymer/Water Shielding + Radioprotective Bio-agents,High Consensus,"Reproduced across independent missions (ISS, Shuttle, Bion-M1). Clear pathological mechanism documented."
563,The individual and combined effects of spaceflight radiation and microgravity on biologic systems and functional outcomes,PMC8274610,https://www.ncbi.nlm.nih.gov/pmc/articles/PMC8274610/,Radiation & Deep Space Hazards,Cross-Species / General Model,Spaceflight / Space Environment,CRITICAL (High Priority for Mars Transit & Lunar Surface),Hydrocarbon Polymer/Water Shielding + Radioprotective Bio-agents,Emerging Evidence,Consistent preliminary data; broader longitudinal validation required for Moon-Mars transit regimes.
564,Spaceflight and hind limb unloading induces an arthritic phenotype in knee articular cartilage and menisci of rodents,PMC8131644,https://www.ncbi.nlm.nih.gov/pmc/articles/PMC8131644/,Musculoskeletal & Bone Loss,Mus musculus (Rodents),Ground Analog (Clinostat / Hindlimb / Bedrest),CRITICAL (High Priority for Mars Transit & Lunar Surface),Artificial Gravity via Centrifugation (0.38g - 1.0g Intermittent),High Consensus,"Reproduced across independent missions (ISS, Shuttle, Bion-M1). Clear pathological mechanism documented."
565,Œ±Klotho decreases after reduced weight-bearing from both spaceflight and hindlimb unloading,PMC9163032,https://www.ncbi.nlm.nih.gov/pmc/articles/PMC9163032/,General Space Biology & Life Support,Cross-Species / General Model,Ground Analog (Clinostat / Hindlimb / Bedrest),MODERATE (Long-Duration Crew Health Factor),Artificial Gravity via Centrifugation (0.38g - 1.0g Intermittent),Emerging Evidence,Consistent preliminary data; broader longitudinal validation required for Moon-Mars transit regimes.
566,Prolonged exposure to particulate chromate inhibits RAD51 nuclear import mediator proteins.,PMC5568470,https://www.ncbi.nlm.nih.gov/pmc/articles/PMC5568470/,General Space Biology & Life Support,Cross-Species / General Model,Spaceflight / Space Environment,MODERATE (Long-Duration Crew Health Factor),Artificial Gravity via Centrifugation (0.38g - 1.0g Intermittent),Emerging Evidence,Consistent preliminary data; broader longitudinal validation required for Moon-Mars transit regimes.
567,"Transcriptomics, NF-Œ∫B Pathway, and Their Potential Spaceflight-Related Health Consequences.",PMC5485990,https://www.ncbi.nlm.nih.gov/pmc/articles/PMC5485990/,"Omics, Mitochondria & Cellular Stress",Cross-Species / General Model,Spaceflight / Space Environment,MODERATE (Long-Duration Crew Health Factor),Artificial Gravity via Centrifugation (0.38g - 1.0g Intermittent),Emerging Evidence,Consistent preliminary data; broader longitudinal validation required for Moon-Mars transit regimes.
568,Interplay of space radiation and microgravity in DNA damage and DNA damage response.,PMC5460239,https://www.ncbi.nlm.nih.gov/pmc/articles/PMC5460239/,Radiation & Deep Space Hazards,Cross-Species / General Model,Spaceflight / Space Environment,CRITICAL (High Priority for Mars Transit & Lunar Surface),Hydrocarbon Polymer/Water Shielding + Radioprotective Bio-agents,High Consensus,"Reproduced across independent missions (ISS, Shuttle, Bion-M1). Clear pathological mechanism documented."
569,"Synergistic Effects of Weightlessness, Isoproterenol, and Radiation on DNA Damage Response and Cytokine Production in Immune Cells",PMC6275019,https://www.ncbi.nlm.nih.gov/pmc/articles/PMC6275019/,Radiation & Deep Space Hazards,In Vitro / Cell Culture / Organoid,Spaceflight / Space Environment,CRITICAL (High Priority for Mars Transit & Lunar Surface),Hydrocarbon Polymer/Water Shielding + Radioprotective Bio-agents,High Consensus,"Reproduced across independent missions (ISS, Shuttle, Bion-M1). Clear pathological mechanism documented."
570,Transcriptome and proteome responses in RNAlater preserved tissue of Arabidopsis thaliana.,PMC5397022,https://www.ncbi.nlm.nih.gov/pmc/articles/PMC5397022/,Plant Biology & Space Agriculture,Arabidopsis thaliana (Plants),ISS (International Space Station),MISSION ESSENTIAL (Bioregenerative Food & O2 Systems),Artificial Gravity via Centrifugation (0.38g - 1.0g Intermittent),Emerging Evidence,Consistent preliminary data; broader longitudinal validation required for Moon-Mars transit regimes.
571,Spaceflight induces novel regulatory responses in Arabidopsis seedling as revealed by combined proteomic and transcriptomic analyses.,PMC7251690,https://www.ncbi.nlm.nih.gov/pmc/articles/PMC7251690/,Plant Biology & Space Agriculture,Arabidopsis thaliana (Plants),Spaceflight / Space Environment,MISSION ESSENTIAL (Bioregenerative Food & O2 Systems),Artificial Gravity via Centrifugation (0.38g - 1.0g Intermittent),High Consensus,"Reproduced across independent missions (ISS, Shuttle, Bion-M1). Clear pathological mechanism documented."
572,Mitigation and use of biofilms in space for the benefit of human space exploration,PMC10284894,https://www.ncbi.nlm.nih.gov/pmc/articles/PMC10284894/,Microbiology & Biofilms,Mus musculus (Rodents),Spaceflight / Space Environment,MODERATE (Long-Duration Crew Health Factor),Artificial Gravity via Centrifugation (0.38g - 1.0g Intermittent),Emerging Evidence,Consistent preliminary data; broader longitudinal validation required for Moon-Mars transit regimes.
573,Toward sustainable space exploration: A roadmap for harnessing the power of microorganisms.,PMC10030976,https://www.ncbi.nlm.nih.gov/pmc/articles/PMC10030976/,General Space Biology & Life Support,Mus musculus (Rodents),Spaceflight / Space Environment,MODERATE (Long-Duration Crew Health Factor),Artificial Gravity via Centrifugation (0.38g - 1.0g Intermittent),Emerging Evidence,Consistent preliminary data; broader longitudinal validation required for Moon-Mars transit regimes.
574,Longitudinal characterization of multispecies microbial populations recovered from spaceflight potable water,PMC8421509,https://www.ncbi.nlm.nih.gov/pmc/articles/PMC8421509/,Radiation & Deep Space Hazards,Cross-Species / General Model,Spaceflight / Space Environment,CRITICAL (High Priority for Mars Transit & Lunar Surface),"Probiotics, Microbial Air Filtration, Antimicrobial Copper Surfaces",Emerging Evidence,Consistent preliminary data; broader longitudinal validation required for Moon-Mars transit regimes.
575,Designing a Novel Monitoring Approach for the Effects of Space Travel on Astronauts‚Äô Health,PMC9964234,https://www.ncbi.nlm.nih.gov/pmc/articles/PMC9964234/,General Space Biology & Life Support,Homo sapiens (Humans),Spaceflight / Space Environment,MODERATE (Long-Duration Crew Health Factor),Artificial Gravity via Centrifugation (0.38g - 1.0g Intermittent),Controversial / Active Debate,Conflicting findings reported between flight durations or between in vitro vs in vivo models. Requires targeted flight trials.
576,"Draft genome sequence of Sphingomonas paucimobilis strain Sph5, isolated from tap water filtration membrane",PMC10793275,https://www.ncbi.nlm.nih.gov/pmc/articles/PMC10793275/,General Space Biology & Life Support,Mus musculus (Rodents),Spaceflight / Space Environment,MODERATE (Long-Duration Crew Health Factor),Artificial Gravity via Centrifugation (0.38g - 1.0g Intermittent),Emerging Evidence,Consistent preliminary data; broader longitudinal validation required for Moon-Mars transit regimes.
577,Overexpression of CupB5 activates alginate overproduction in Pseudomonas aeruginosa by a novel AlgW-dependent mechanism,PMC4116675,https://www.ncbi.nlm.nih.gov/pmc/articles/PMC4116675/,Microbiology & Biofilms,Microbial / Microorganisms,Spaceflight / Space Environment,MODERATE (Long-Duration Crew Health Factor),Artificial Gravity via Centrifugation (0.38g - 1.0g Intermittent),Controversial / Active Debate,Conflicting findings reported between flight durations or between in vitro vs in vivo models. Requires targeted flight trials.
578,Burn injury-associated MHCII(+) immune cell accumulation around lymphatic vessels of the mesentery and increased lymphatic endothelial permeability are blocked by doxycycline treatment.,PMC5810432,https://www.ncbi.nlm.nih.gov/pmc/articles/PMC5810432/,Cardiovascular & Fluid Shifts,In Vitro / Cell Culture / Organoid,Spaceflight / Space Environment,HIGH (Requires Active Countermeasures & Monitoring),"Probiotics, Microbial Air Filtration, Antimicrobial Copper Surfaces",Emerging Evidence,Consistent preliminary data; broader longitudinal validation required for Moon-Mars transit regimes.
579,CubeSats for microbiology and astrobiology research,PMC10261121,https://www.ncbi.nlm.nih.gov/pmc/articles/PMC10261121/,Microbiology & Biofilms,Cross-Species / General Model,Spaceflight / Space Environment,MODERATE (Long-Duration Crew Health Factor),"Probiotics, Microbial Air Filtration, Antimicrobial Copper Surfaces",Emerging Evidence,Consistent preliminary data; broader longitudinal validation required for Moon-Mars transit regimes.
580,In situ resource utilisation: The potential for space biomining,PMC8739323,https://www.ncbi.nlm.nih.gov/pmc/articles/PMC8739323/,General Space Biology & Life Support,Cross-Species / General Model,Spaceflight / Space Environment,MODERATE (Long-Duration Crew Health Factor),Artificial Gravity via Centrifugation (0.38g - 1.0g Intermittent),Emerging Evidence,Consistent preliminary data; broader longitudinal validation required for Moon-Mars transit regimes.
581,The smallest space miners: Principles of space biomining,PMC8739323,https://www.ncbi.nlm.nih.gov/pmc/articles/PMC8739323/,General Space Biology & Life Support,Cross-Species / General Model,Spaceflight / Space Environment,MODERATE (Long-Duration Crew Health Factor),Artificial Gravity via Centrifugation (0.38g - 1.0g Intermittent),Emerging Evidence,Consistent preliminary data; broader longitudinal validation required for Moon-Mars transit regimes.
582,"Simulated micro-, lunar, and Martian gravities on Earth‚Äîeffects on Escherichia coli growth, phenotype, and sensitivity to antibiotics.",PMC9502502,https://www.ncbi.nlm.nih.gov/pmc/articles/PMC9502502/,Microbiology & Biofilms,Cross-Species / General Model,Spaceflight / Space Environment,MODERATE (Long-Duration Crew Health Factor),Artificial Gravity via Centrifugation (0.38g - 1.0g Intermittent),Emerging Evidence,Consistent preliminary data; broader longitudinal validation required for Moon-Mars transit regimes.
583,Biofilm formation of Pseudomonas aeruginosa in spaceflight is minimized on lubricant impregnated surfaces.,PMC10432549,https://www.ncbi.nlm.nih.gov/pmc/articles/PMC10432549/,Microbiology & Biofilms,Microbial / Microorganisms,Spaceflight / Space Environment,MODERATE (Long-Duration Crew Health Factor),Artificial Gravity via Centrifugation (0.38g - 1.0g Intermittent),Emerging Evidence,Consistent preliminary data; broader longitudinal validation required for Moon-Mars transit regimes.
584,Competitive Growth Assay of Mutagenized Chlamydomonas reinhardtii Compatible With the International Space Station Veggie Plant Growth Chamber.,PMC7261848,https://www.ncbi.nlm.nih.gov/pmc/articles/PMC7261848/,Plant Biology & Space Agriculture,Arabidopsis thaliana (Plants),ISS (International Space Station),MISSION ESSENTIAL (Bioregenerative Food & O2 Systems),Tailored LED Light Spectrum (Far-Red/Blue) + Active Aerated Root Substrates,Emerging Evidence,Consistent preliminary data; broader longitudinal validation required for Moon-Mars transit regimes.
585,Spatial Characterization of Microbial Communities on Multi-Species Leafy Greens Grown Simultaneously in the Vegetable Production Systems on the International Space Station,PMC8537831,https://www.ncbi.nlm.nih.gov/pmc/articles/PMC8537831/,Radiation & Deep Space Hazards,Cross-Species / General Model,ISS (International Space Station),CRITICAL (High Priority for Mars Transit & Lunar Surface),"Probiotics, Microbial Air Filtration, Antimicrobial Copper Surfaces",Emerging Evidence,Consistent preliminary data; broader longitudinal validation required for Moon-Mars transit regimes.
586,Response of Arabidopsis thaliana and Mizuna mustard seeds to simulated space radiation exposures.,PMC8879990,https://www.ncbi.nlm.nih.gov/pmc/articles/PMC8879990/,Radiation & Deep Space Hazards,Arabidopsis thaliana (Plants),Spaceflight / Space Environment,CRITICAL (High Priority for Mars Transit & Lunar Surface),Hydrocarbon Polymer/Water Shielding + Radioprotective Bio-agents,Emerging Evidence,Consistent preliminary data; broader longitudinal validation required for Moon-Mars transit regimes.
587,Editorial: Revisiting the limits of plant life - plant adaptations to extreme terrestrial environments relating to astrobiology and space biology.,PMC10472590,https://www.ncbi.nlm.nih.gov/pmc/articles/PMC10472590/,Plant Biology & Space Agriculture,Arabidopsis thaliana (Plants),Spaceflight / Space Environment,MISSION ESSENTIAL (Bioregenerative Food & O2 Systems),Tailored LED Light Spectrum (Far-Red/Blue) + Active Aerated Root Substrates,Emerging Evidence,Consistent preliminary data; broader longitudinal validation required for Moon-Mars transit regimes.
588,Metagenomic interrogation of urban Superfund site reveals antimicrobial resistance reservoir and bioremediation potential.,PMC11999716,https://www.ncbi.nlm.nih.gov/pmc/articles/PMC11999716/,Microbiology & Biofilms,Cross-Species / General Model,Spaceflight / Space Environment,MODERATE (Long-Duration Crew Health Factor),"Probiotics, Microbial Air Filtration, Antimicrobial Copper Surfaces",Emerging Evidence,Consistent preliminary data; broader longitudinal validation required for Moon-Mars transit regimes.
589,"In situ monitoring of barrier function on-chip via automated, non-invasive luminescence sensing.",PMC11969330,https://www.ncbi.nlm.nih.gov/pmc/articles/PMC11969330/,General Space Biology & Life Support,Cross-Species / General Model,Spaceflight / Space Environment,MODERATE (Long-Duration Crew Health Factor),Artificial Gravity via Centrifugation (0.38g - 1.0g Intermittent),Emerging Evidence,Consistent preliminary data; broader longitudinal validation required for Moon-Mars transit regimes.
590,37-day microgravity exposure in 16-week female C57BL/6J mice is associated with bone loss specific to weight-bearing skeletal sites.,PMC11940681,https://www.ncbi.nlm.nih.gov/pmc/articles/PMC11940681/,Musculoskeletal & Bone Loss,Mus musculus (Rodents),Spaceflight / Space Environment,CRITICAL (High Priority for Mars Transit & Lunar Surface),Nutritional Vitamin D/Calcium + Axial Loading Compression Suit,High Consensus,"Reproduced across independent missions (ISS, Shuttle, Bion-M1). Clear pathological mechanism documented."
591,Effects of Space Flight on Inflammasome Activation in the Brain of Mice.,PMC11941215,https://www.ncbi.nlm.nih.gov/pmc/articles/PMC11941215/,Neuroscience & Vision (SANS),Mus musculus (Rodents),Spaceflight / Space Environment,HIGH (Requires Active Countermeasures & Monitoring),Artificial Gravity via Centrifugation (0.38g - 1.0g Intermittent),Emerging Evidence,Consistent preliminary data; broader longitudinal validation required for Moon-Mars transit regimes.
592,Immunization induces inflammation in the mouse heart during spaceflight.,PMC11892206,https://www.ncbi.nlm.nih.gov/pmc/articles/PMC11892206/,Cardiovascular & Fluid Shifts,Mus musculus (Rodents),Spaceflight / Space Environment,HIGH (Requires Active Countermeasures & Monitoring),Artificial Gravity via Centrifugation (0.38g - 1.0g Intermittent),High Consensus,"Reproduced across independent missions (ISS, Shuttle, Bion-M1). Clear pathological mechanism documented."
593,Analyzing the relationship between gene expression and phenotype in space-flown mice using a causal inference machine learning ensemble.,PMC11748630,https://www.ncbi.nlm.nih.gov/pmc/articles/PMC11748630/,General Space Biology & Life Support,Mus musculus (Rodents),Spaceflight / Space Environment,MODERATE (Long-Duration Crew Health Factor),Artificial Gravity via Centrifugation (0.38g - 1.0g Intermittent),Emerging Evidence,Consistent preliminary data; broader longitudinal validation required for Moon-Mars transit regimes.
594,Sex-specific cardiovascular adaptations to simulated microgravity in Sprague-Dawley rats,PMC11659408,https://www.ncbi.nlm.nih.gov/pmc/articles/PMC11659408/,Radiation & Deep Space Hazards,Mus musculus (Rodents),Ground Analog (Clinostat / Hindlimb / Bedrest),CRITICAL (High Priority for Mars Transit & Lunar Surface),Lower Body Negative Pressure (LBNP) + Saline Hyper-hydration,Emerging Evidence,Consistent preliminary data; broader longitudinal validation required for Moon-Mars transit regimes.
595,NASA open science data repository: Open science for life in space.,PMC11701653,https://www.ncbi.nlm.nih.gov/pmc/articles/PMC11701653/,General Space Biology & Life Support,Cross-Species / General Model,Spaceflight / Space Environment,MODERATE (Long-Duration Crew Health Factor),Artificial Gravity via Centrifugation (0.38g - 1.0g Intermittent),Emerging Evidence,Consistent preliminary data; broader longitudinal validation required for Moon-Mars transit regimes.
596,Artificial gravity attenuates the transcriptomic response to spaceflight in the optic nerve and retina,PMC11593819,https://www.ncbi.nlm.nih.gov/pmc/articles/PMC11593819/,Neuroscience & Vision (SANS),Cross-Species / General Model,Spaceflight / Space Environment,HIGH (Requires Active Countermeasures & Monitoring),"Choline Supplementation, LBNP Nocturnal Counter-pressure, IOP Monitoring",Emerging Evidence,Consistent preliminary data; broader longitudinal validation required for Moon-Mars transit regimes.
597,Effect of simulated cosmic radiation on cytomegalovirus reactivation and lytic replication.,PMC11477029,https://www.ncbi.nlm.nih.gov/pmc/articles/PMC11477029/,Radiation & Deep Space Hazards,Cross-Species / General Model,Spaceflight / Space Environment,CRITICAL (High Priority for Mars Transit & Lunar Surface),Hydrocarbon Polymer/Water Shielding + Radioprotective Bio-agents,Emerging Evidence,Consistent preliminary data; broader longitudinal validation required for Moon-Mars transit regimes.
598,Protein kinase 2 of the giant sarcomeric protein UNC-89 regulates mitochondrial morphology and function.,PMC11487192,https://www.ncbi.nlm.nih.gov/pmc/articles/PMC11487192/,"Omics, Mitochondria & Cellular Stress",Cross-Species / General Model,Spaceflight / Space Environment,MODERATE (Long-Duration Crew Health Factor),Artificial Gravity via Centrifugation (0.38g - 1.0g Intermittent),Emerging Evidence,Consistent preliminary data; broader longitudinal validation required for Moon-Mars transit regimes.
599,To boldly go where no microRNAs have gone before: Spaceflight impact on risk for small-for-gestational-age infants.,PMC11484870,https://www.ncbi.nlm.nih.gov/pmc/articles/PMC11484870/,"Omics, Mitochondria & Cellular Stress",Cross-Species / General Model,Spaceflight / Space Environment,MODERATE (Long-Duration Crew Health Factor),Artificial Gravity via Centrifugation (0.38g - 1.0g Intermittent),Emerging Evidence,Consistent preliminary data; broader longitudinal validation required for Moon-Mars transit regimes.
600,Adaptation to space conditions of novel bacterial species isolated from the International Space Station revealed by functional gene annotations and comparative genome analysis.,PMC11451251,https://www.ncbi.nlm.nih.gov/pmc/articles/PMC11451251/,Radiation & Deep Space Hazards,Mus musculus (Rodents),ISS (International Space Station),CRITICAL (High Priority for Mars Transit & Lunar Surface),Artificial Gravity via Centrifugation (0.38g - 1.0g Intermittent),Controversial / Active Debate,Conflicting findings reported between flight durations or between in vitro vs in vivo models. Requires targeted flight trials.
601,Celebrating 30 years of access to NASA space life sciences data.,PMC11403809,https://www.ncbi.nlm.nih.gov/pmc/articles/PMC11403809/,General Space Biology & Life Support,Mus musculus (Rodents),Spaceflight / Space Environment,MODERATE (Long-Duration Crew Health Factor),Artificial Gravity via Centrifugation (0.38g - 1.0g Intermittent),Emerging Evidence,Consistent preliminary data; broader longitudinal validation required for Moon-Mars transit regimes.
602,Predicting how varying moisture conditions impact the microbiome of dust collected from the International Space Station.,PMC11386075,https://www.ncbi.nlm.nih.gov/pmc/articles/PMC11386075/,Microbiology & Biofilms,Cross-Species / General Model,ISS (International Space Station),MODERATE (Long-Duration Crew Health Factor),"Probiotics, Microbial Air Filtration, Antimicrobial Copper Surfaces",Emerging Evidence,Consistent preliminary data; broader longitudinal validation required for Moon-Mars transit regimes.
603,Spaceflight alters host-gut microbiota interactions.,PMC11362537,https://www.ncbi.nlm.nih.gov/pmc/articles/PMC11362537/,Microbiology & Biofilms,Cross-Species / General Model,Spaceflight / Space Environment,MODERATE (Long-Duration Crew Health Factor),"Probiotics, Microbial Air Filtration, Antimicrobial Copper Surfaces",Emerging Evidence,Consistent preliminary data; broader longitudinal validation required for Moon-Mars transit regimes.
604,Discoveries from human stem cell research in space that are relevant to advancing cellular therapies on Earth.,PMC11339457,https://www.ncbi.nlm.nih.gov/pmc/articles/PMC11339457/,General Space Biology & Life Support,Homo sapiens (Humans),Spaceflight / Space Environment,MODERATE (Long-Duration Crew Health Factor),Artificial Gravity via Centrifugation (0.38g - 1.0g Intermittent),Emerging Evidence,Consistent preliminary data; broader longitudinal validation required for Moon-Mars transit regimes.
605,Simulated microgravity impairs human NK [natural killer] cell cytotoxic activity against space radiation-relevant leukemic cells.,PMC11324864,https://www.ncbi.nlm.nih.gov/pmc/articles/PMC11324864/,Radiation & Deep Space Hazards,Homo sapiens (Humans),Ground Analog (Clinostat / Hindlimb / Bedrest),CRITICAL (High Priority for Mars Transit & Lunar Surface),Hydrocarbon Polymer/Water Shielding + Radioprotective Bio-agents,High Consensus,"Reproduced across independent missions (ISS, Shuttle, Bion-M1). Clear pathological mechanism documented."
606,Simulated microgravity alters gene regulation linked to immunity and cardiovascular disease.,PMC11353732,https://www.ncbi.nlm.nih.gov/pmc/articles/PMC11353732/,Cardiovascular & Fluid Shifts,Cross-Species / General Model,Ground Analog (Clinostat / Hindlimb / Bedrest),HIGH (Requires Active Countermeasures & Monitoring),Lower Body Negative Pressure (LBNP) + Saline Hyper-hydration,Emerging Evidence,Consistent preliminary data; broader longitudinal validation required for Moon-Mars transit regimes.
607,Spaceflight increases sarcoplasmic reticulum Ca2+ leak and this cannot be counteracted with BuOE treatment,PMC11271499,https://www.ncbi.nlm.nih.gov/pmc/articles/PMC11271499/,General Space Biology & Life Support,Cross-Species / General Model,Spaceflight / Space Environment,MODERATE (Long-Duration Crew Health Factor),Artificial Gravity via Centrifugation (0.38g - 1.0g Intermittent),Emerging Evidence,Consistent preliminary data; broader longitudinal validation required for Moon-Mars transit regimes.
